name,slug,sku,brand,material,weight,price,compare_at_price,stock_quantity,in_stock,featured,category,sizes,colors,tags,images,videos,description,,,,,,,,,,,,,,
CAPSULE*,Capsule Tdev-tee,,TDEV | TENUE DE VILLE,100% Cotton,0.2,30,,,,,T-Shirts,XS|S|M|L|XL|2XL|3XL ,Black|White|Cocao,casual|leisure,,,"Capsule Collection| TENUE DE VILLE Custom, comfort, refined style. The signature TDEV delivers a distinctive look that works seamlessly from casual outings to layered ensembles. Perfect for building a versatile wardrobe foundation or making a personal statement through wearable art.",,,,,,,,,,,,,,
CAPSULE*,Capsule Tdev-tee,,TDEV | TENUE DE VILLE,100% Cotton,0.2,30,,,,,T-Shirts,XS|S|M|L|XL|2XL|3XL ,Black|White|Cocao,casual|leisure,,,"Capsule Collection| TENUE DE VILLE Custom, comfort, refined style. The signature TDEV delivers a distinctive look that works seamlessly from casual outings to layered ensembles. Perfect for building a versatile wardrobe foundation or making a personal statement through wearable art.",,,,,,,,,,,,,,
CAPSULE*,Capsule Tdev-tee,,TDEV | TENUE DE VILLE,100% Cotton,0.2,30,,,,,T-Shirts,XS|S|M|L|XL|2XL|3XL ,Black|White|Cocao,casual|leisure,,,"Capsule Collection| TENUE DE VILLE Custom, comfort, refined style. The signature TDEV delivers a distinctive look that works seamlessly from casual outings to layered ensembles. Perfect for building a versatile wardrobe foundation or making a personal statement through wearable art.",,,,,,,,,,,,,,
CAPSULE*,Capsule Tdev-tee,,TDEV | TENUE DE VILLE,100% Cotton,0.2,30,,,,,T-Shirts,XS|S|M|L|XL|2XL|3XL ,Black|White|Cocao,casual|leisure,,,"Capsule Collection| TENUE DE VILLE Custom, comfort, refined style. The signature TDEV delivers a distinctive look that works seamlessly from casual outings to layered ensembles. Perfect for building a versatile wardrobe foundation or making a personal statement through wearable art.",,,,,,,,,,,,,,
CAPSULE*,Capsule Tdev-tee,,TDEV | TENUE DE VILLE,100% Cotton,0.2,30,,,,,T-Shirts,XS|S|M|L|XL|2XL|3XL ,Black|White|Cocao,casual|leisure,,,"Capsule Collection| TENUE DE VILLE Custom, comfort, refined style. The signature TDEV delivers a distinctive look that works seamlessly from casual outings to layered ensembles. Perfect for building a versatile wardrobe foundation or making a personal statement through wearable art.",,,,,,,,,,,,,,
CAPSULE*,Capsule Tdev-tee,,TDEV | TENUE DE VILLE,100% Cotton,0.2,30,,,,,T-Shirts,XS|S|M|L|XL|2XL|3XL ,Black|White|Cocao,casual|leisure,,,"Capsule Collection| TENUE DE VILLE Custom, comfort, refined style. The signature TDEV delivers a distinctive look that works seamlessly from casual outings to layered ensembles. Perfect for building a versatile wardrobe foundation or making a personal statement through wearable art.",,,,,,,,,,,,,,
CAPSULE*,Capsule Tdev-tee,,TDEV | TENUE DE VILLE,100% Cotton,0.2,30,,,,,T-Shirts,XS|S|M|L|XL|2XL|3XL ,Black|White|Cocao,casual|leisure,,,"Capsule Collection| TENUE DE VILLE Custom, comfort, refined style. The signature TDEV delivers a distinctive look that works seamlessly from casual outings to layered ensembles. Perfect for building a versatile wardrobe foundation or making a personal statement through wearable art.",,,,,,,,,,,,,,
CAPSULE*,Capsule Tdev-tee,,TDEV | TENUE DE VILLE,100% Cotton,0.2,30,,,,,T-Shirts,XS|S|M|L|XL|2XL|3XL ,Black|White|Cocao,casual|leisure,,,"Capsule Collection| TENUE DE VILLE Custom, comfort, refined style. The signature TDEV delivers a distinctive look that works seamlessly from casual outings to layered ensembles. Perfect for building a versatile wardrobe foundation or making a personal statement through wearable art.",,,,,,,,,,,,,,
CAPSULE*,Capsule Tdev-tee,,TDEV | TENUE DE VILLE,100% Cotton,0.2,30,,,,,T-Shirts,XS|S|M|L|XL|2XL|3XL ,Black|White|Cocao,casual|leisure,,,"Capsule Collection| TENUE DE VILLE Custom, comfort, refined style. The signature TDEV delivers a distinctive look that works seamlessly from casual outings to layered ensembles. Perfect for building a versatile wardrobe foundation or making a personal statement through wearable art.",,,,,,,,,,,,,,
CAPSULE*,Capsule Tdev-tee,,TDEV | TENUE DE VILLE,100% Cotton,0.2,30,,,,,T-Shirts,XS|S|M|L|XL|2XL|3XL ,Black|White|Cocao,casual|leisure,,,"Capsule Collection| TENUE DE VILLE Custom, comfort, refined style. The signature TDEV delivers a distinctive look that works seamlessly from casual outings to layered ensembles. Perfect for building a versatile wardrobe foundation or making a personal statement through wearable art.",,,,,,,,,,,,,,
CAPSULE*,Capsule Tdev-tee,,TDEV | TENUE DE VILLE,100% Cotton,0.2,30,,,,,T-Shirts,XS|S|M|L|XL|2XL|3XL ,Black|White|Cocao,casual|leisure,,,"Capsule Collection| TENUE DE VILLE Custom, comfort, refined style. The signature TDEV delivers a distinctive look that works seamlessly from casual outings to layered ensembles. Perfect for building a versatile wardrobe foundation or making a personal statement through wearable art.",,,,,,,,,,,,,,
CAPSULE*,Capsule Tdev-tee,,TDEV | TENUE DE VILLE,100% Cotton,0.2,30,,,,,T-Shirts,XS|S|M|L|XL|2XL|3XL ,Black|White|Cocao,casual|leisure,,,"Capsule Collection| TENUE DE VILLE Custom, comfort, refined style. The signature TDEV delivers a distinctive look that works seamlessly from casual outings to layered ensembles. Perfect for building a versatile wardrobe foundation or making a personal statement through wearable art.",,,,,,,,,,,,,,
CAPSULE*,Capsule Tdev-tee,,TDEV | TENUE DE VILLE,100% Cotton,0.2,30,,,,,T-Shirts,XS|S|M|L|XL|2XL|3XL ,Black|White|Cocao,casual|leisure,,,"Capsule Collection| TENUE DE VILLE Custom, comfort, refined style. The signature TDEV delivers a distinctive look that works seamlessly from casual outings to layered ensembles. Perfect for building a versatile wardrobe foundation or making a personal statement through wearable art.",,,,,,,,,,,,,,
CAPSULE*,Capsule Tdev-tee,,TDEV | TENUE DE VILLE,100% Cotton,0.2,30,,,,,T-Shirts,XS|S|M|L|XL|2XL|3XL ,Black|White|Cocao,casual|leisure,,,"Capsule Collection| TENUE DE VILLE Custom, comfort, refined style. The signature TDEV delivers a distinctive look that works seamlessly from casual outings to layered ensembles. Perfect for building a versatile wardrobe foundation or making a personal statement through wearable art.",,,,,,,,,,,,,,
CAPSULE*,Capsule Tdev-tee,,TDEV | TENUE DE VILLE,100% Cotton,0.2,30,,,,,T-Shirts,XS|S|M|L|XL|2XL|3XL ,Black|White|Cocao,casual|leisure,,,"Capsule Collection| TENUE DE VILLE Custom, comfort, refined style. The signature TDEV delivers a distinctive look that works seamlessly from casual outings to layered ensembles. Perfect for building a versatile wardrobe foundation or making a personal statement through wearable art.",,,,,,,,,,,,,,
CAPSULE*,Capsule Tdev-tee,,TDEV | TENUE DE VILLE,100% Cotton,0.2,30,,,,,T-Shirts,XS|S|M|L|XL|2XL|3XL ,Black|White|Cocao,casual|leisure,,,"Capsule Collection| TENUE DE VILLE Custom, comfort, refined style. The signature TDEV delivers a distinctive look that works seamlessly from casual outings to layered ensembles. Perfect for building a versatile wardrobe foundation or making a personal statement through wearable art.",,,,,,,,,,,,,,
CAPSULE*,Capsule Tdev-tee,,TDEV | TENUE DE VILLE,100% Cotton,0.2,30,,,,,T-Shirts,XS|S|M|L|XL|2XL|3XL ,Black|White|Cocao,casual|leisure,,,"Capsule Collection| TENUE DE VILLE Custom, comfort, refined style. The signature TDEV delivers a distinctive look that works seamlessly from casual outings to layered ensembles. Perfect for building a versatile wardrobe foundation or making a personal statement through wearable art.",,,,,,,,,,,,,,
CAPSULE*,Capsule Tdev-tee,,TDEV | TENUE DE VILLE,100% Cotton,0.2,30,,,,,T-Shirts,XS|S|M|L|XL|2XL|3XL ,Black|White|Cocao,casual|leisure,,,"Capsule Collection| TENUE DE VILLE Custom, comfort, refined style. The signature TDEV delivers a distinctive look that works seamlessly from casual outings to layered ensembles. Perfect for building a versatile wardrobe foundation or making a personal statement through wearable art.",,,,,,,,,,,,,,
CAPSULE*,Capsule Tdev-tee,,TDEV | TENUE DE VILLE,100% Cotton,0.2,30,,,,,T-Shirts,XS|S|M|L|XL|2XL|3XL ,Black|White|Cocao,casual|leisure,,,"Capsule Collection| TENUE DE VILLE Custom, comfort, refined style. The signature TDEV delivers a distinctive look that works seamlessly from casual outings to layered ensembles. Perfect for building a versatile wardrobe foundation or making a personal statement through wearable art.",,,,,,,,,,,,,,
CAPSULE*,Capsule Tdev-tee,,TDEV | TENUE DE VILLE,100% Cotton,0.2,30,,,,,T-Shirts,XS|S|M|L|XL|2XL|3XL ,Black|White|Cocao,casual|leisure,,,"Capsule Collection| TENUE DE VILLE Custom, comfort, refined style. The signature TDEV delivers a distinctive look that works seamlessly from casual outings to layered ensembles. Perfect for building a versatile wardrobe foundation or making a personal statement through wearable art.",,,,,,,,,,,,,,
CAPSULE*,Capsule Tdev-tee,,TDEV | TENUE DE VILLE,100% Cotton,0.2,30,,,,,T-Shirts,XS|S|M|L|XL|2XL|3XL ,Black|White|Cocao,casual|leisure,,,"Capsule Collection| TENUE DE VILLE Custom, comfort, refined style. The signature TDEV delivers a distinctive look that works seamlessly from casual outings to layered ensembles. Perfect for building a versatile wardrobe foundation or making a personal statement through wearable art.",,,,,,,,,,,,,,
CAPSULE*,Capsule Tdev-tee,,TDEV | TENUE DE VILLE,100% Cotton,0.2,30,,,,,T-Shirts,XS|S|M|L|XL|2XL|3XL ,Black|White|Cocao,casual|leisure,,,"Capsule Collection| TENUE DE VILLE Custom, comfort, refined style. The signature TDEV delivers a distinctive look that works seamlessly from casual outings to layered ensembles. Perfect for building a versatile wardrobe foundation or making a personal statement through wearable art.",,,,,,,,,,,,,,
CAPSULE*,Capsule Tdev-tee,,TDEV | TENUE DE VILLE,100% Cotton,0.2,30,,,,,T-Shirts,XS|S|M|L|XL|2XL|3XL ,Black|White|Cocao,casual|leisure,,,"Capsule Collection| TENUE DE VILLE Custom, comfort, refined style. The signature TDEV delivers a distinctive look that works seamlessly from casual outings to layered ensembles. Perfect for building a versatile wardrobe foundation or making a personal statement through wearable art.",,,,,,,,,,,,,,
CAPSULE*,Capsule Tdev-tee,,TDEV | TENUE DE VILLE,100% Cotton,0.2,30,,,,,T-Shirts,XS|S|M|L|XL|2XL|3XL ,Black|White|Cocao,casual|leisure,,,"Capsule Collection| TENUE DE VILLE Custom, comfort, refined style. The signature TDEV delivers a distinctive look that works seamlessly from casual outings to layered ensembles. Perfect for building a versatile wardrobe foundation or making a personal statement through wearable art.",,,,,,,,,,,,,,
CAPSULE*,Capsule Tdev-tee,,TDEV | TENUE DE VILLE,100% Cotton,0.2,30,,,,,T-Shirts,XS|S|M|L|XL|2XL|3XL ,Black|White|Cocao,casual|leisure,,,"Capsule Collection| TENUE DE VILLE Custom, comfort, refined style. The signature TDEV delivers a distinctive look that works seamlessly from casual outings to layered ensembles. Perfect for building a versatile wardrobe foundation or making a personal statement through wearable art.",,,,,,,,,,,,,,
CAPSULE*,Capsule Tdev-tee,,TDEV | TENUE DE VILLE,100% Cotton,0.2,30,,,,,T-Shirts,XS|S|M|L|XL|2XL|3XL ,Black|White|Cocao,casual|leisure,,,"Capsule Collection| TENUE DE VILLE Custom, comfort, refined style. The signature TDEV delivers a distinctive look that works seamlessly from casual outings to layered ensembles. Perfect for building a versatile wardrobe foundation or making a personal statement through wearable art.",,,,,,,,,,,,,,
CAPSULE*,Capsule Tdev-tee,,TDEV | TENUE DE VILLE,100% Cotton,0.2,30,,,,,T-Shirts,XS|S|M|L|XL|2XL|3XL ,Black|White|Cocao,casual|leisure,,,"Capsule Collection| TENUE DE VILLE Custom, comfort, refined style. The signature TDEV delivers a distinctive look that works seamlessly from casual outings to layered ensembles. Perfect for building a versatile wardrobe foundation or making a personal statement through wearable art.",,,,,,,,,,,,,,
CAPSULE*,Capsule Tdev-tee,,TDEV | TENUE DE VILLE,100% Cotton,0.2,30,,,,,T-Shirts,XS|S|M|L|XL|2XL|3XL ,Black|White|Cocao,casual|leisure,,,"Capsule Collection| TENUE DE VILLE Custom, comfort, refined style. The signature TDEV delivers a distinctive look that works seamlessly from casual outings to layered ensembles. Perfect for building a versatile wardrobe foundation or making a personal statement through wearable art.",,,,,,,,,,,,,,
CAPSULE*,Capsule Tdev-tee,,TDEV | TENUE DE VILLE,100% Cotton,0.2,30,,,,,T-Shirts,XS|S|M|L|XL|2XL|3XL ,Black|White|Cocao,casual|leisure,,,"Capsule Collection| TENUE DE VILLE Custom, comfort, refined style. The signature TDEV delivers a distinctive look that works seamlessly from casual outings to layered ensembles. Perfect for building a versatile wardrobe foundation or making a personal statement through wearable art.",,,,,,,,,,,,,,
CAPSULE*,Capsule Tdev-tee,,TDEV | TENUE DE VILLE,100% Cotton,0.2,30,,,,,T-Shirts,XS|S|M|L|XL|2XL|3XL ,Black|White|Cocao,casual|leisure,,,"Capsule Collection| TENUE DE VILLE Custom, comfort, refined style. The signature TDEV delivers a distinctive look that works seamlessly from casual outings to layered ensembles. Perfect for building a versatile wardrobe foundation or making a personal statement through wearable art.",,,,,,,,,,,,,,
CAPSULE*,Capsule Tdev-tee,,TDEV | TENUE DE VILLE,100% Cotton,0.2,30,,,,,T-Shirts,XS|S|M|L|XL|2XL|3XL ,Black|White|Cocao,casual|leisure,,,"Capsule Collection| TENUE DE VILLE Custom, comfort, refined style. The signature TDEV delivers a distinctive look that works seamlessly from casual outings to layered ensembles. Perfect for building a versatile wardrobe foundation or making a personal statement through wearable art.",,,,,,,,,,,,,,
CAPSULE*,Capsule Tdev-tee,,TDEV | TENUE DE VILLE,100% Cotton,0.2,30,,,,,T-Shirts,XS|S|M|L|XL|2XL|3XL ,Black|White|Cocao,casual|leisure,,,"Capsule Collection| TENUE DE VILLE Custom, comfort, refined style. The signature TDEV delivers a distinctive look that works seamlessly from casual outings to layered ensembles. Perfect for building a versatile wardrobe foundation or making a personal statement through wearable art.",,,,,,,,,,,,,,
CAPSULE*,Capsule Tdev-tee,,TDEV | TENUE DE VILLE,100% Cotton,0.2,30,,,,,T-Shirts,XS|S|M|L|XL|2XL|3XL ,Black|White|Cocao,casual|leisure,,,"Capsule Collection| TENUE DE VILLE Custom, comfort, refined style. The signature TDEV delivers a distinctive look that works seamlessly from casual outings to layered ensembles. Perfect for building a versatile wardrobe foundation or making a personal statement through wearable art.",,,,,,,,,,,,,,
Signature TDEV Tee,Signature Tdev-tee,,TDEV | TENUE DE VILLE,100% Cotton,0.2,30,,,,,T-Shirts,XS|S|M|L|XL|2XL|3XL ,Black|White|Cocao,casual|leisure,,,"TDEV SIGNATURE| TENUE DE VILLE Custom, comfort, refined style. The signature TDEV delivers a distinctive look that works seamlessly from casual outings to layered ensembles. Perfect for building a versatile wardrobe foundation or making a personal statement through wearable art.",,,,,,,,,,,,,,
Signature TDEV Tee,Signature Tdev-tee,,TDEV | TENUE DE VILLE,100% Cotton,0.2,30,,,,,T-Shirts,XS|S|M|L|XL|2XL|3XL ,Black|White|Cocao,casual|leisure,,,"TDEV SIGNATURE| TENUE DE VILLE Custom, comfort, refined style. The signature TDEV delivers a distinctive look that works seamlessly from casual outings to layered ensembles. Perfect for building a versatile wardrobe foundation or making a personal statement through wearable art.",,,,,,,,,,,,,,
Signature TDEV Tee,Signature Tdev-tee,,TDEV | TENUE DE VILLE,100% Cotton,0.2,30,,,,,T-Shirts,XS|S|M|L|XL|2XL|3XL ,Black|White|Cocao,casual|leisure,,,"TDEV SIGNATURE| TENUE DE VILLE Custom, comfort, refined style. The signature TDEV delivers a distinctive look that works seamlessly from casual outings to layered ensembles. Perfect for building a versatile wardrobe foundation or making a personal statement through wearable art.",,,,,,,,,,,,,,
Signature TDEV Tee,Signature Tdev-tee,,TDEV | TENUE DE VILLE,100% Cotton,0.2,30,,,,,T-Shirts,XS|S|M|L|XL|2XL|3XL ,Black|White|Cocao,casual|leisure,,,"TDEV SIGNATURE| TENUE DE VILLE Custom, comfort, refined style. The signature TDEV delivers a distinctive look that works seamlessly from casual outings to layered ensembles. Perfect for building a versatile wardrobe foundation or making a personal statement through wearable art.",,,,,,,,,,,,,,
Signature TDEV Tee,Signature Tdev-tee,,TDEV | TENUE DE VILLE,100% Cotton,0.2,30,,,,,T-Shirts,XS|S|M|L|XL|2XL|3XL ,Black|White|Cocao,casual|leisure,,,"TDEV SIGNATURE| TENUE DE VILLE Custom, comfort, refined style. The signature TDEV delivers a distinctive look that works seamlessly from casual outings to layered ensembles. Perfect for building a versatile wardrobe foundation or making a personal statement through wearable art.",,,,,,,,,,,,,,
Signature TDEV Tee,Signature Tdev-tee,,TDEV | TENUE DE VILLE,100% Cotton,0.2,30,,,,,T-Shirts,XS|S|M|L|XL|2XL|3XL ,Black|White|Cocao,casual|leisure,,,"TDEV SIGNATURE| TENUE DE VILLE Custom, comfort, refined style. The signature TDEV delivers a distinctive look that works seamlessly from casual outings to layered ensembles. Perfect for building a versatile wardrobe foundation or making a personal statement through wearable art.",,,,,,,,,,,,,,
Signature TDEV Tee,Signature Tdev-tee,,TDEV | TENUE DE VILLE,100% Cotton,0.2,30,,,,,T-Shirts,XS|S|M|L|XL|2XL|3XL ,Black|White|Cocao,casual|leisure,,,"TDEV SIGNATURE| TENUE DE VILLE Custom, comfort, refined style. The signature TDEV delivers a distinctive look that works seamlessly from casual outings to layered ensembles. Perfect for building a versatile wardrobe foundation or making a personal statement through wearable art.",,,,,,,,,,,,,,
Signature TDEV Tee,Signature Tdev-tee,,TDEV | TENUE DE VILLE,100% Cotton,0.2,30,,,,,T-Shirts,XS|S|M|L|XL|2XL|3XL ,Black|White|Cocao,casual|leisure,,,"TDEV SIGNATURE| TENUE DE VILLE Custom, comfort, refined style. The signature TDEV delivers a distinctive look that works seamlessly from casual outings to layered ensembles. Perfect for building a versatile wardrobe foundation or making a personal statement through wearable art.",,,,,,,,,,,,,,
Signature TDEV Tee,Signature Tdev-tee,,TDEV | TENUE DE VILLE,100% Cotton,0.2,30,,,,,T-Shirts,XS|S|M|L|XL|2XL|3XL ,Black|White|Cocao,casual|leisure,,,"TDEV SIGNATURE| TENUE DE VILLE Custom, comfort, refined style. The signature TDEV delivers a distinctive look that works seamlessly from casual outings to layered ensembles. Perfect for building a versatile wardrobe foundation or making a personal statement through wearable art.",,,,,,,,,,,,,,
Signature TDEV Tee,Signature Tdev-tee,,TDEV | TENUE DE VILLE,100% Cotton,0.2,30,,,,,T-Shirts,XS|S|M|L|XL|2XL|3XL ,Black|White|Cocao,casual|leisure,,,"TDEV SIGNATURE| TENUE DE VILLE Custom, comfort, refined style. The signature TDEV delivers a distinctive look that works seamlessly from casual outings to layered ensembles. Perfect for building a versatile wardrobe foundation or making a personal statement through wearable art.",,,,,,,,,,,,,,
Signature TDEV Tee,Signature Tdev-tee,,TDEV | TENUE DE VILLE,100% Cotton,0.2,30,,,,,T-Shirts,XS|S|M|L|XL|2XL|3XL ,Black|White|Cocao,casual|leisure,,,"TDEV SIGNATURE| TENUE DE VILLE Custom, comfort, refined style. The signature TDEV delivers a distinctive look that works seamlessly from casual outings to layered ensembles. Perfect for building a versatile wardrobe foundation or making a personal statement through wearable art.",,,,,,,,,,,,,,
Signature TDEV Tee,Signature Tdev-tee,,TDEV | TENUE DE VILLE,100% Cotton,0.2,30,,,,,T-Shirts,XS|S|M|L|XL|2XL|3XL ,Black|White|Cocao,casual|leisure,,,"TDEV SIGNATURE| TENUE DE VILLE Custom, comfort, refined style. The signature TDEV delivers a distinctive look that works seamlessly from casual outings to layered ensembles. Perfect for building a versatile wardrobe foundation or making a personal statement through wearable art.",,,,,,,,,,,,,,
Signature TDEV Tee,Signature Tdev-tee,,TDEV | TENUE DE VILLE,100% Cotton,0.2,30,,,,,T-Shirts,XS|S|M|L|XL|2XL|3XL ,Black|White|Cocao,casual|leisure,,,"TDEV SIGNATURE| TENUE DE VILLE Custom, comfort, refined style. The signature TDEV delivers a distinctive look that works seamlessly from casual outings to layered ensembles. Perfect for building a versatile wardrobe foundation or making a personal statement through wearable art.",,,,,,,,,,,,,,
Signature TDEV Tee,Signature Tdev-tee,,TDEV | TENUE DE VILLE,100% Cotton,0.2,30,,,,,T-Shirts,XS|S|M|L|XL|2XL|3XL ,Black|White|Cocao,casual|leisure,,,"TDEV SIGNATURE| TENUE DE VILLE Custom, comfort, refined style. The signature TDEV delivers a distinctive look that works seamlessly from casual outings to layered ensembles. Perfect for building a versatile wardrobe foundation or making a personal statement through wearable art.",,,,,,,,,,,,,,
Signature TDEV Tee,Signature Tdev-tee,,TDEV | TENUE DE VILLE,100% Cotton,0.2,30,,,,,T-Shirts,XS|S|M|L|XL|2XL|3XL ,Black|White|Cocao,casual|leisure,,,"TDEV SIGNATURE| TENUE DE VILLE Custom, comfort, refined style. The signature TDEV delivers a distinctive look that works seamlessly from casual outings to layered ensembles. Perfect for building a versatile wardrobe foundation or making a personal statement through wearable art.",,,,,,,,,,,,,,
Signature TDEV Tee,Signature Tdev-tee,,TDEV | TENUE DE VILLE,100% Cotton,0.2,30,,,,,T-Shirts,XS|S|M|L|XL|2XL|3XL ,Black|White|Cocao,casual|leisure,,,"TDEV SIGNATURE| TENUE DE VILLE Custom, comfort, refined style. The signature TDEV delivers a distinctive look that works seamlessly from casual outings to layered ensembles. Perfect for building a versatile wardrobe foundation or making a personal statement through wearable art.",,,,,,,,,,,,,,
Signature TDEV Tee,Signature Tdev-tee,,TDEV | TENUE DE VILLE,100% Cotton,0.2,30,,,,,T-Shirts,XS|S|M|L|XL|2XL|3XL ,Black|White|Cocao,casual|leisure,,,"TDEV SIGNATURE| TENUE DE VILLE Custom, comfort, refined style. The signature TDEV delivers a distinctive look that works seamlessly from casual outings to layered ensembles. Perfect for building a versatile wardrobe foundation or making a personal statement through wearable art.",,,,,,,,,,,,,,
Signature TDEV Tee,Signature Tdev-tee,,TDEV | TENUE DE VILLE,100% Cotton,0.2,30,,,,,T-Shirts,XS|S|M|L|XL|2XL|3XL ,Black|White|Cocao,casual|leisure,,,"TDEV SIGNATURE| TENUE DE VILLE Custom, comfort, refined style. The signature TDEV delivers a distinctive look that works seamlessly from casual outings to layered ensembles. Perfect for building a versatile wardrobe foundation or making a personal statement through wearable art.",,,,,,,,,,,,,,
ACRN Tee,ACRN-tee,,TDEV | TENUE DE VILLE,100% Cotton,0.2,30,,,,,T-Shirts,XS|S|M|L|XL|2XL|3XL ,Black|White|Cocao,casual|leisure,,,"ACRN | TENUE DE VILLE Custom, comfort, refined style. The signature TDEV delivers a distinctive look that works seamlessly from casual outings to layered ensembles. Perfect for building a versatile wardrobe foundation or making a personal statement through wearable art.",,,,,,,,,,,,,,
ACRN Tee,ACRN-tee,,TDEV | TENUE DE VILLE,100% Cotton,0.2,30,,,,,T-Shirts,XS|S|M|L|XL|2XL|3XL ,Black|White|Cocao,casual|leisure,,,"ACRN | TENUE DE VILLE Custom, comfort, refined style. The signature TDEV delivers a distinctive look that works seamlessly from casual outings to layered ensembles. Perfect for building a versatile wardrobe foundation or making a personal statement through wearable art.",,,,,,,,,,,,,,
ACRN Tee,ACRN-tee,,TDEV | TENUE DE VILLE,100% Cotton,0.2,30,,,,,T-Shirts,XS|S|M|L|XL|2XL|3XL ,Black|White|Cocao,casual|leisure,,,"ACRN | TENUE DE VILLE Custom, comfort, refined style. The signature TDEV delivers a distinctive look that works seamlessly from casual outings to layered ensembles. Perfect for building a versatile wardrobe foundation or making a personal statement through wearable art.",,,,,,,,,,,,,,
ACRN Tee,ACRN-tee,,TDEV | TENUE DE VILLE,100% Cotton,0.2,30,,,,,T-Shirts,XS|S|M|L|XL|2XL|3XL ,Black|White|Cocao,casual|leisure,,,"ACRN | TENUE DE VILLE Custom, comfort, refined style. The signature TDEV delivers a distinctive look that works seamlessly from casual outings to layered ensembles. Perfect for building a versatile wardrobe foundation or making a personal statement through wearable art.",,,,,,,,,,,,,,
ACRN Tee,ACRN-tee,,TDEV | TENUE DE VILLE,100% Cotton,0.2,30,,,,,T-Shirts,XS|S|M|L|XL|2XL|3XL ,Black|White|Cocao,casual|leisure,,,"ACRN | TENUE DE VILLE Custom, comfort, refined style. The signature TDEV delivers a distinctive look that works seamlessly from casual outings to layered ensembles. Perfect for building a versatile wardrobe foundation or making a personal statement through wearable art.",,,,,,,,,,,,,,
ACRN Tee,ACRN-tee,,TDEV | TENUE DE VILLE,100% Cotton,0.2,30,,,,,T-Shirts,XS|S|M|L|XL|2XL|3XL ,Black|White|Cocao,casual|leisure,,,"ACRN | TENUE DE VILLE Custom, comfort, refined style. The signature TDEV delivers a distinctive look that works seamlessly from casual outings to layered ensembles. Perfect for building a versatile wardrobe foundation or making a personal statement through wearable art.",,,,,,,,,,,,,,
Auto Girly Tee,Auto Girly-tee,,TDEV | TENUE DE VILLE,100% Cotton,0.2,30,,,,,T-Shirts,XS|S|M|L|XL|2XL|3XL ,Black|White|Cocao,casual|leisure,,,"AUTO GIRLY | TENUE DE VILLE Custom, comfort, refined style. The signature TDEV delivers a distinctive look that works seamlessly from casual outings to layered ensembles. Perfect for building a versatile wardrobe foundation or making a personal statement through wearable art.",,,,,,,,,,,,,,
Auto Girly Tee,Auto Girly-tee,,TDEV | TENUE DE VILLE,100% Cotton,0.2,30,,,,,T-Shirts,XS|S|M|L|XL|2XL|3XL ,Black|White|Cocao,casual|leisure,,,"AUTO GIRLY | TENUE DE VILLE Custom, comfort, refined style. The signature TDEV delivers a distinctive look that works seamlessly from casual outings to layered ensembles. Perfect for building a versatile wardrobe foundation or making a personal statement through wearable art.",,,,,,,,,,,,,,
Auto Girly Tee,Auto Girly-tee,,TDEV | TENUE DE VILLE,100% Cotton,0.2,30,,,,,T-Shirts,XS|S|M|L|XL|2XL|3XL ,Black|White|Cocao,casual|leisure,,,"AUTO GIRLY | TENUE DE VILLE Custom, comfort, refined style. The signature TDEV delivers a distinctive look that works seamlessly from casual outings to layered ensembles. Perfect for building a versatile wardrobe foundation or making a personal statement through wearable art.",,,,,,,,,,,,,,
Auto Girly Tee,Auto Girly-tee,,TDEV | TENUE DE VILLE,100% Cotton,0.2,30,,,,,T-Shirts,XS|S|M|L|XL|2XL|3XL ,Black|White|Cocao,casual|leisure,,,"AUTO GIRLY | TENUE DE VILLE Custom, comfort, refined style. The signature TDEV delivers a distinctive look that works seamlessly from casual outings to layered ensembles. Perfect for building a versatile wardrobe foundation or making a personal statement through wearable art.",,,,,,,,,,,,,,
Auto Girly Tee,Auto Girly-tee,,TDEV | TENUE DE VILLE,100% Cotton,0.2,30,,,,,T-Shirts,XS|S|M|L|XL|2XL|3XL ,Black|White|Cocao,casual|leisure,,,"AUTO GIRLY | TENUE DE VILLE Custom, comfort, refined style. The signature TDEV delivers a distinctive look that works seamlessly from casual outings to layered ensembles. Perfect for building a versatile wardrobe foundation or making a personal statement through wearable art.",,,,,,,,,,,,,,
Auto Girly Tee,Auto Girly-tee,,TDEV | TENUE DE VILLE,100% Cotton,0.2,30,,,,,T-Shirts,XS|S|M|L|XL|2XL|3XL ,Black|White|Cocao,casual|leisure,,,"AUTO GIRLY | TENUE DE VILLE Custom, comfort, refined style. The signature TDEV delivers a distinctive look that works seamlessly from casual outings to layered ensembles. Perfect for building a versatile wardrobe foundation or making a personal statement through wearable art.",,,,,,,,,,,,,,
Auto Girly Tee,Auto Girly-tee,,TDEV | TENUE DE VILLE,100% Cotton,0.2,30,,,,,T-Shirts,XS|S|M|L|XL|2XL|3XL ,Black|White|Cocao,casual|leisure,,,"AUTO GIRLY | TENUE DE VILLE Custom, comfort, refined style. The signature TDEV delivers a distinctive look that works seamlessly from casual outings to layered ensembles. Perfect for building a versatile wardrobe foundation or making a personal statement through wearable art.",,,,,,,,,,,,,,
Auto Girly Tee,Auto Girly-tee,,TDEV | TENUE DE VILLE,100% Cotton,0.2,30,,,,,T-Shirts,XS|S|M|L|XL|2XL|3XL ,Black|White|Cocao,casual|leisure,,,"AUTO GIRLY | TENUE DE VILLE Custom, comfort, refined style. The signature TDEV delivers a distinctive look that works seamlessly from casual outings to layered ensembles. Perfect for building a versatile wardrobe foundation or making a personal statement through wearable art.",,,,,,,,,,,,,,
Beauy Girly Tee,Beauy Girly Tee,,TDEV | TENUE DE VILLE,100% Cotton,0.2,30,,,,,T-Shirts,XS|S|M|L|XL|2XL|3XL ,Black|White|Cocao,casual|leisure,,,"BEAUTY GIRLY | TENUE DE VILLE Custom, comfort, refined style. The signature TDEV delivers a distinctive look that works seamlessly from casual outings to layered ensembles. Perfect for building a versatile wardrobe foundation or making a personal statement through wearable art.",,,,,,,,,,,,,,
Beauy Girly Tee,Beauy Girly Tee,,TDEV | TENUE DE VILLE,100% Cotton,0.2,30,,,,,T-Shirts,XS|S|M|L|XL|2XL|3XL ,Black|White|Cocao,casual|leisure,,,"BEAUTY GIRLY | TENUE DE VILLE Custom, comfort, refined style. The signature TDEV delivers a distinctive look that works seamlessly from casual outings to layered ensembles. Perfect for building a versatile wardrobe foundation or making a personal statement through wearable art.",,,,,,,,,,,,,,
Beauy Girly Tee,Beauy Girly Tee,,TDEV | TENUE DE VILLE,100% Cotton,0.2,30,,,,,T-Shirts,XS|S|M|L|XL|2XL|3XL ,Black|White|Cocao,casual|leisure,,,"BEAUTY GIRLY | TENUE DE VILLE Custom, comfort, refined style. The signature TDEV delivers a distinctive look that works seamlessly from casual outings to layered ensembles. Perfect for building a versatile wardrobe foundation or making a personal statement through wearable art.",,,,,,,,,,,,,,
Beauy Girly Tee,Beauy Girly Tee,,TDEV | TENUE DE VILLE,100% Cotton,0.2,30,,,,,T-Shirts,XS|S|M|L|XL|2XL|3XL ,Black|White|Cocao,casual|leisure,,,"BEAUTY GIRLY | TENUE DE VILLE Custom, comfort, refined style. The signature TDEV delivers a distinctive look that works seamlessly from casual outings to layered ensembles. Perfect for building a versatile wardrobe foundation or making a personal statement through wearable art.",,,,,,,,,,,,,,
Beauy Girly Tee,Beauy Girly Tee,,TDEV | TENUE DE VILLE,100% Cotton,0.2,30,,,,,T-Shirts,XS|S|M|L|XL|2XL|3XL ,Black|White|Cocao,casual|leisure,,,"BEAUTY GIRLY | TENUE DE VILLE Custom, comfort, refined style. The signature TDEV delivers a distinctive look that works seamlessly from casual outings to layered ensembles. Perfect for building a versatile wardrobe foundation or making a personal statement through wearable art.",,,,,,,,,,,,,,
Builder Girly Tee,Builder Girly Tee,,TDEV | TENUE DE VILLE,100% Cotton,0.2,30,,,,,T-Shirts,XS|S|M|L|XL|2XL|3XL ,Black|White|Cocao,casual|leisure,,,"BUILDER GIRLY | TENUE DE VILLE Custom, comfort, refined style. The signature TDEV delivers a distinctive look that works seamlessly from casual outings to layered ensembles. Perfect for building a versatile wardrobe foundation or making a personal statement through wearable art.",,,,,,,,,,,,,,
Builder Girly Tee,Builder Girly Tee,,TDEV | TENUE DE VILLE,100% Cotton,0.2,30,,,,,T-Shirts,XS|S|M|L|XL|2XL|3XL ,Black|White|Cocao,casual|leisure,,,"BUILDER GIRLY | TENUE DE VILLE Custom, comfort, refined style. The signature TDEV delivers a distinctive look that works seamlessly from casual outings to layered ensembles. Perfect for building a versatile wardrobe foundation or making a personal statement through wearable art.",,,,,,,,,,,,,,
Builder Girly Tee,Builder Girly Tee,,TDEV | TENUE DE VILLE,100% Cotton,0.2,30,,,,,T-Shirts,XS|S|M|L|XL|2XL|3XL ,Black|White|Cocao,casual|leisure,,,"BUILDER GIRLY | TENUE DE VILLE Custom, comfort, refined style. The signature TDEV delivers a distinctive look that works seamlessly from casual outings to layered ensembles. Perfect for building a versatile wardrobe foundation or making a personal statement through wearable art.",,,,,,,,,,,,,,
Builder Girly Tee,Builder Girly Tee,,TDEV | TENUE DE VILLE,100% Cotton,0.2,30,,,,,T-Shirts,XS|S|M|L|XL|2XL|3XL ,Black|White|Cocao,casual|leisure,,,"BUILDER GIRLY | TENUE DE VILLE Custom, comfort, refined style. The signature TDEV delivers a distinctive look that works seamlessly from casual outings to layered ensembles. Perfect for building a versatile wardrobe foundation or making a personal statement through wearable art.",,,,,,,,,,,,,,
Builder Girly Tee,Builder Girly Tee,,TDEV | TENUE DE VILLE,100% Cotton,0.2,30,,,,,T-Shirts,XS|S|M|L|XL|2XL|3XL ,Black|White|Cocao,casual|leisure,,,"BUILDER GIRLY | TENUE DE VILLE Custom, comfort, refined style. The signature TDEV delivers a distinctive look that works seamlessly from casual outings to layered ensembles. Perfect for building a versatile wardrobe foundation or making a personal statement through wearable art.",,,,,,,,,,,,,,
Builder Girly Tee,Builder Girly Tee,,TDEV | TENUE DE VILLE,100% Cotton,0.2,30,,,,,T-Shirts,XS|S|M|L|XL|2XL|3XL ,Black|White|Cocao,casual|leisure,,,"BUILDER GIRLY | TENUE DE VILLE Custom, comfort, refined style. The signature TDEV delivers a distinctive look that works seamlessly from casual outings to layered ensembles. Perfect for building a versatile wardrobe foundation or making a personal statement through wearable art.",,,,,,,,,,,,,,
Builder Girly Tee,Builder Girly Tee,,TDEV | TENUE DE VILLE,100% Cotton,0.2,30,,,,,T-Shirts,XS|S|M|L|XL|2XL|3XL ,Black|White|Cocao,casual|leisure,,,"BUILDER GIRLY | TENUE DE VILLE Custom, comfort, refined style. The signature TDEV delivers a distinctive look that works seamlessly from casual outings to layered ensembles. Perfect for building a versatile wardrobe foundation or making a personal statement through wearable art.",,,,,,,,,,,,,,
Builder Girly Tee,Builder Girly Tee,,TDEV | TENUE DE VILLE,100% Cotton,0.2,30,,,,,T-Shirts,XS|S|M|L|XL|2XL|3XL ,Black|White|Cocao,casual|leisure,,,"BUILDER GIRLY | TENUE DE VILLE Custom, comfort, refined style. The signature TDEV delivers a distinctive look that works seamlessly from casual outings to layered ensembles. Perfect for building a versatile wardrobe foundation or making a personal statement through wearable art.",,,,,,,,,,,,,,
Café Girly Tee,Café Girly-Tee,,TDEV | TENUE DE VILLE,100% Cotton,0.2,30,,,,,T-Shirts,XS|S|M|L|XL|2XL|3XL ,Black|White|Cocao,casual|leisure,,,"CAFE GIRLY | TENUE DE VILLE Custom, comfort, refined style. The signature TDEV delivers a distinctive look that works seamlessly from casual outings to layered ensembles. Perfect for building a versatile wardrobe foundation or making a personal statement through wearable art.",,,,,,,,,,,,,,
Café Girly Tee,Café Girly-Tee,,TDEV | TENUE DE VILLE,100% Cotton,0.2,30,,,,,T-Shirts,XS|S|M|L|XL|2XL|3XL ,Black|White|Cocao,casual|leisure,,,"CAFE GIRLY | TENUE DE VILLE Custom, comfort, refined style. The signature TDEV delivers a distinctive look that works seamlessly from casual outings to layered ensembles. Perfect for building a versatile wardrobe foundation or making a personal statement through wearable art.",,,,,,,,,,,,,,
Café Girly Tee,Café Girly-Tee,,TDEV | TENUE DE VILLE,100% Cotton,0.2,30,,,,,T-Shirts,XS|S|M|L|XL|2XL|3XL ,Black|White|Cocao,casual|leisure,,,"CAFE GIRLY | TENUE DE VILLE Custom, comfort, refined style. The signature TDEV delivers a distinctive look that works seamlessly from casual outings to layered ensembles. Perfect for building a versatile wardrobe foundation or making a personal statement through wearable art.",,,,,,,,,,,,,,
Café Girly Tee,Café Girly-Tee,,TDEV | TENUE DE VILLE,100% Cotton,0.2,30,,,,,T-Shirts,XS|S|M|L|XL|2XL|3XL ,Black|White|Cocao,casual|leisure,,,"CAFE GIRLY | TENUE DE VILLE Custom, comfort, refined style. The signature TDEV delivers a distinctive look that works seamlessly from casual outings to layered ensembles. Perfect for building a versatile wardrobe foundation or making a personal statement through wearable art.",,,,,,,,,,,,,,
Café Girly Tee,Café Girly-Tee,,TDEV | TENUE DE VILLE,100% Cotton,0.2,30,,,,,T-Shirts,XS|S|M|L|XL|2XL|3XL ,Black|White|Cocao,casual|leisure,,,"CAFE GIRLY | TENUE DE VILLE Custom, comfort, refined style. The signature TDEV delivers a distinctive look that works seamlessly from casual outings to layered ensembles. Perfect for building a versatile wardrobe foundation or making a personal statement through wearable art.",,,,,,,,,,,,,,
Café Girly Tee,Café Girly-Tee,,TDEV | TENUE DE VILLE,100% Cotton,0.2,30,,,,,T-Shirts,XS|S|M|L|XL|2XL|3XL ,Black|White|Cocao,casual|leisure,,,"CAFE GIRLY | TENUE DE VILLE Custom, comfort, refined style. The signature TDEV delivers a distinctive look that works seamlessly from casual outings to layered ensembles. Perfect for building a versatile wardrobe foundation or making a personal statement through wearable art.",,,,,,,,,,,,,,
ED Girly Tee,ED Girly Tee,,TDEV | TENUE DE VILLE,100% Cotton,0.2,30,,,,,T-Shirts,XS|S|M|L|XL|2XL|3XL ,Black|White|Cocao,casual|leisure,,,"ED GIRLY | TENUE DE VILLE Custom, comfort, refined style. The signature TDEV delivers a distinctive look that works seamlessly from casual outings to layered ensembles. Perfect for building a versatile wardrobe foundation or making a personal statement through wearable art.",,,,,,,,,,,,,,
ED Girly Tee,ED Girly Tee,,TDEV | TENUE DE VILLE,100% Cotton,0.2,30,,,,,T-Shirts,XS|S|M|L|XL|2XL|3XL ,Black|White|Cocao,casual|leisure,,,"ED GIRLY | TENUE DE VILLE Custom, comfort, refined style. The signature TDEV delivers a distinctive look that works seamlessly from casual outings to layered ensembles. Perfect for building a versatile wardrobe foundation or making a personal statement through wearable art.",,,,,,,,,,,,,,
ED Girly Tee,ED Girly Tee,,TDEV | TENUE DE VILLE,100% Cotton,0.2,30,,,,,T-Shirts,XS|S|M|L|XL|2XL|3XL ,Black|White|Cocao,casual|leisure,,,"ED GIRLY | TENUE DE VILLE Custom, comfort, refined style. The signature TDEV delivers a distinctive look that works seamlessly from casual outings to layered ensembles. Perfect for building a versatile wardrobe foundation or making a personal statement through wearable art.",,,,,,,,,,,,,,
ED Girly Tee,ED Girly Tee,,TDEV | TENUE DE VILLE,100% Cotton,0.2,30,,,,,T-Shirts,XS|S|M|L|XL|2XL|3XL ,Black|White|Cocao,casual|leisure,,,"ED GIRLY | TENUE DE VILLE Custom, comfort, refined style. The signature TDEV delivers a distinctive look that works seamlessly from casual outings to layered ensembles. Perfect for building a versatile wardrobe foundation or making a personal statement through wearable art.",,,,,,,,,,,,,,
ED Girly Tee,ED Girly Tee,,TDEV | TENUE DE VILLE,100% Cotton,0.2,30,,,,,T-Shirts,XS|S|M|L|XL|2XL|3XL ,Black|White|Cocao,casual|leisure,,,"ED GIRLY | TENUE DE VILLE Custom, comfort, refined style. The signature TDEV delivers a distinctive look that works seamlessly from casual outings to layered ensembles. Perfect for building a versatile wardrobe foundation or making a personal statement through wearable art.",,,,,,,,,,,,,,
ED Girly Tee,ED Girly Tee,,TDEV | TENUE DE VILLE,100% Cotton,0.2,30,,,,,T-Shirts,XS|S|M|L|XL|2XL|3XL ,Black|White|Cocao,casual|leisure,,,"ED GIRLY | TENUE DE VILLE Custom, comfort, refined style. The signature TDEV delivers a distinctive look that works seamlessly from casual outings to layered ensembles. Perfect for building a versatile wardrobe foundation or making a personal statement through wearable art.",,,,,,,,,,,,,,
ED Girly Tee,ED Girly Tee,,TDEV | TENUE DE VILLE,100% Cotton,0.2,30,,,,,T-Shirts,XS|S|M|L|XL|2XL|3XL ,Black|White|Cocao,casual|leisure,,,"ED GIRLY | TENUE DE VILLE Custom, comfort, refined style. The signature TDEV delivers a distinctive look that works seamlessly from casual outings to layered ensembles. Perfect for building a versatile wardrobe foundation or making a personal statement through wearable art.",,,,,,,,,,,,,,
ED Girly Tee,ED Girly Tee,,TDEV | TENUE DE VILLE,100% Cotton,0.2,30,,,,,T-Shirts,XS|S|M|L|XL|2XL|3XL ,Black|White|Cocao,casual|leisure,,,"ED GIRLY | TENUE DE VILLE Custom, comfort, refined style. The signature TDEV delivers a distinctive look that works seamlessly from casual outings to layered ensembles. Perfect for building a versatile wardrobe foundation or making a personal statement through wearable art.",,,,,,,,,,,,,,
Faith Girly Tee,Faith Girly-tee,,TDEV | TENUE DE VILLE,100% Cotton,0.2,30,,,,,T-Shirts,XS|S|M|L|XL|2XL|3XL ,Black|White|Cocao,casual|leisure,,,"FAITH GIRLY | TENUE DE VILLE Custom, comfort, refined style. The signature TDEV delivers a distinctive look that works seamlessly from casual outings to layered ensembles. Perfect for building a versatile wardrobe foundation or making a personal statement through wearable art.",,,,,,,,,,,,,,
Faith Girly Tee,Faith Girly-tee,,TDEV | TENUE DE VILLE,100% Cotton,0.2,30,,,,,T-Shirts,XS|S|M|L|XL|2XL|3XL ,Black|White|Cocao,casual|leisure,,,"FAITH GIRLY | TENUE DE VILLE Custom, comfort, refined style. The signature TDEV delivers a distinctive look that works seamlessly from casual outings to layered ensembles. Perfect for building a versatile wardrobe foundation or making a personal statement through wearable art.",,,,,,,,,,,,,,
Faith Girly Tee,Faith Girly-tee,,TDEV | TENUE DE VILLE,100% Cotton,0.2,30,,,,,T-Shirts,XS|S|M|L|XL|2XL|3XL ,Black|White|Cocao,casual|leisure,,,"FAITH GIRLY | TENUE DE VILLE Custom, comfort, refined style. The signature TDEV delivers a distinctive look that works seamlessly from casual outings to layered ensembles. Perfect for building a versatile wardrobe foundation or making a personal statement through wearable art.",,,,,,,,,,,,,,
Faith Girly Tee,Faith Girly-tee,,TDEV | TENUE DE VILLE,100% Cotton,0.2,30,,,,,T-Shirts,XS|S|M|L|XL|2XL|3XL ,Black|White|Cocao,casual|leisure,,,"FAITH GIRLY | TENUE DE VILLE Custom, comfort, refined style. The signature TDEV delivers a distinctive look that works seamlessly from casual outings to layered ensembles. Perfect for building a versatile wardrobe foundation or making a personal statement through wearable art.",,,,,,,,,,,,,,
Faith Girly Tee,Faith Girly-tee,,TDEV | TENUE DE VILLE,100% Cotton,0.2,30,,,,,T-Shirts,XS|S|M|L|XL|2XL|3XL ,Black|White|Cocao,casual|leisure,,,"FAITH GIRLY | TENUE DE VILLE Custom, comfort, refined style. The signature TDEV delivers a distinctive look that works seamlessly from casual outings to layered ensembles. Perfect for building a versatile wardrobe foundation or making a personal statement through wearable art.",,,,,,,,,,,,,,
Faith Girly Tee,Faith Girly-tee,,TDEV | TENUE DE VILLE,100% Cotton,0.2,30,,,,,T-Shirts,XS|S|M|L|XL|2XL|3XL ,Black|White|Cocao,casual|leisure,,,"FAITH GIRLY | TENUE DE VILLE Custom, comfort, refined style. The signature TDEV delivers a distinctive look that works seamlessly from casual outings to layered ensembles. Perfect for building a versatile wardrobe foundation or making a personal statement through wearable art.",,,,,,,,,,,,,,
Faith Girly Tee,Faith Girly-tee,,TDEV | TENUE DE VILLE,100% Cotton,0.2,30,,,,,T-Shirts,XS|S|M|L|XL|2XL|3XL ,Black|White|Cocao,casual|leisure,,,"FAITH GIRLY | TENUE DE VILLE Custom, comfort, refined style. The signature TDEV delivers a distinctive look that works seamlessly from casual outings to layered ensembles. Perfect for building a versatile wardrobe foundation or making a personal statement through wearable art.",,,,,,,,,,,,,,
Faith Girly Tee,Faith Girly-tee,,TDEV | TENUE DE VILLE,100% Cotton,0.2,30,,,,,T-Shirts,XS|S|M|L|XL|2XL|3XL ,Black|White|Cocao,casual|leisure,,,"FAITH GIRLY | TENUE DE VILLE Custom, comfort, refined style. The signature TDEV delivers a distinctive look that works seamlessly from casual outings to layered ensembles. Perfect for building a versatile wardrobe foundation or making a personal statement through wearable art.",,,,,,,,,,,,,,
Faith Girly Tee,Faith Girly-tee,,TDEV | TENUE DE VILLE,100% Cotton,0.2,30,,,,,T-Shirts,XS|S|M|L|XL|2XL|3XL ,Black|White|Cocao,casual|leisure,,,"FAITH GIRLY | TENUE DE VILLE Custom, comfort, refined style. The signature TDEV delivers a distinctive look that works seamlessly from casual outings to layered ensembles. Perfect for building a versatile wardrobe foundation or making a personal statement through wearable art.",,,,,,,,,,,,,,
Faith Girly Tee,Faith Girly-tee,,TDEV | TENUE DE VILLE,100% Cotton,0.2,30,,,,,T-Shirts,XS|S|M|L|XL|2XL|3XL ,Black|White|Cocao,casual|leisure,,,"FAITH GIRLY | TENUE DE VILLE Custom, comfort, refined style. The signature TDEV delivers a distinctive look that works seamlessly from casual outings to layered ensembles. Perfect for building a versatile wardrobe foundation or making a personal statement through wearable art.",,,,,,,,,,,,,,
Faith Girly Tee,Faith Girly-tee,,TDEV | TENUE DE VILLE,100% Cotton,0.2,30,,,,,T-Shirts,XS|S|M|L|XL|2XL|3XL ,Black|White|Cocao,casual|leisure,,,"FAITH GIRLY | TENUE DE VILLE Custom, comfort, refined style. The signature TDEV delivers a distinctive look that works seamlessly from casual outings to layered ensembles. Perfect for building a versatile wardrobe foundation or making a personal statement through wearable art.",,,,,,,,,,,,,,
Faith Girly Tee,Faith Girly-tee,,TDEV | TENUE DE VILLE,100% Cotton,0.2,30,,,,,T-Shirts,XS|S|M|L|XL|2XL|3XL ,Black|White|Cocao,casual|leisure,,,"FAITH GIRLY | TENUE DE VILLE Custom, comfort, refined style. The signature TDEV delivers a distinctive look that works seamlessly from casual outings to layered ensembles. Perfect for building a versatile wardrobe foundation or making a personal statement through wearable art.",,,,,,,,,,,,,,
Faith Girly Tee,Faith Girly-tee,,TDEV | TENUE DE VILLE,100% Cotton,0.2,30,,,,,T-Shirts,XS|S|M|L|XL|2XL|3XL ,Black|White|Cocao,casual|leisure,,,"FAITH GIRLY | TENUE DE VILLE Custom, comfort, refined style. The signature TDEV delivers a distinctive look that works seamlessly from casual outings to layered ensembles. Perfect for building a versatile wardrobe foundation or making a personal statement through wearable art.",,,,,,,,,,,,,,
Family Girly Tee,Family Girly-tee,,TDEV | TENUE DE VILLE,100% Cotton,0.2,30,,,,,T-Shirts,XS|S|M|L|XL|2XL|3XL ,Black|White|Cocao,casual|leisure,,,"FAMILY GIRLY | TENUE DE VILLE Custom, comfort, refined style. The signature TDEV delivers a distinctive look that works seamlessly from casual outings to layered ensembles. Perfect for building a versatile wardrobe foundation or making a personal statement through wearable art.",,,,,,,,,,,,,,
Family Girly Tee,Family Girly-tee,,TDEV | TENUE DE VILLE,100% Cotton,0.2,30,,,,,T-Shirts,XS|S|M|L|XL|2XL|3XL ,Black|White|Cocao,casual|leisure,,,"FAMILY GIRLY | TENUE DE VILLE Custom, comfort, refined style. The signature TDEV delivers a distinctive look that works seamlessly from casual outings to layered ensembles. Perfect for building a versatile wardrobe foundation or making a personal statement through wearable art.",,,,,,,,,,,,,,
Family Girly Tee,Family Girly-tee,,TDEV | TENUE DE VILLE,100% Cotton,0.2,30,,,,,T-Shirts,XS|S|M|L|XL|2XL|3XL ,Black|White|Cocao,casual|leisure,,,"FAMILY GIRLY | TENUE DE VILLE Custom, comfort, refined style. The signature TDEV delivers a distinctive look that works seamlessly from casual outings to layered ensembles. Perfect for building a versatile wardrobe foundation or making a personal statement through wearable art.",,,,,,,,,,,,,,
Family Girly Tee,Family Girly-tee,,TDEV | TENUE DE VILLE,100% Cotton,0.2,30,,,,,T-Shirts,XS|S|M|L|XL|2XL|3XL ,Black|White|Cocao,casual|leisure,,,"FAMILY GIRLY | TENUE DE VILLE Custom, comfort, refined style. The signature TDEV delivers a distinctive look that works seamlessly from casual outings to layered ensembles. Perfect for building a versatile wardrobe foundation or making a personal statement through wearable art.",,,,,,,,,,,,,,
Family Girly Tee,Family Girly-tee,,TDEV | TENUE DE VILLE,100% Cotton,0.2,30,,,,,T-Shirts,XS|S|M|L|XL|2XL|3XL ,Black|White|Cocao,casual|leisure,,,"FAMILY GIRLY | TENUE DE VILLE Custom, comfort, refined style. The signature TDEV delivers a distinctive look that works seamlessly from casual outings to layered ensembles. Perfect for building a versatile wardrobe foundation or making a personal statement through wearable art.",,,,,,,,,,,,,,
Family Boi Tee,Family Boi-tee,,TDEV | TENUE DE VILLE,100% Cotton,0.2,30,,,,,T-Shirts,XS|S|M|L|XL|2XL|3XL ,Black|White|Cocao,casual|leisure,,,"FAMILY BOI | TENUE DE VILLE Custom, comfort, refined style. The signature TDEV delivers a distinctive look that works seamlessly from casual outings to layered ensembles. Perfect for building a versatile wardrobe foundation or making a personal statement through wearable art.",,,,,,,,,,,,,,
Family Boi Tee,Family Boi-tee,,TDEV | TENUE DE VILLE,100% Cotton,0.2,30,,,,,T-Shirts,XS|S|M|L|XL|2XL|3XL ,Black|White|Cocao,casual|leisure,,,"FAMILY BOI | TENUE DE VILLE Custom, comfort, refined style. The signature TDEV delivers a distinctive look that works seamlessly from casual outings to layered ensembles. Perfect for building a versatile wardrobe foundation or making a personal statement through wearable art.",,,,,,,,,,,,,,
Family Boi Tee,Family Boi-tee,,TDEV | TENUE DE VILLE,100% Cotton,0.2,30,,,,,T-Shirts,XS|S|M|L|XL|2XL|3XL ,Black|White|Cocao,casual|leisure,,,"FAMILY BOI | TENUE DE VILLE Custom, comfort, refined style. The signature TDEV delivers a distinctive look that works seamlessly from casual outings to layered ensembles. Perfect for building a versatile wardrobe foundation or making a personal statement through wearable art.",,,,,,,,,,,,,,
Family Boi Tee,Family Boi-tee,,TDEV | TENUE DE VILLE,100% Cotton,0.2,30,,,,,T-Shirts,XS|S|M|L|XL|2XL|3XL ,Black|White|Cocao,casual|leisure,,,"FAMILY BOI | TENUE DE VILLE Custom, comfort, refined style. The signature TDEV delivers a distinctive look that works seamlessly from casual outings to layered ensembles. Perfect for building a versatile wardrobe foundation or making a personal statement through wearable art.",,,,,,,,,,,,,,
Family Boi Tee,Family Boi-tee,,TDEV | TENUE DE VILLE,100% Cotton,0.2,30,,,,,T-Shirts,XS|S|M|L|XL|2XL|3XL ,Black|White|Cocao,casual|leisure,,,"FAMILY BOI | TENUE DE VILLE Custom, comfort, refined style. The signature TDEV delivers a distinctive look that works seamlessly from casual outings to layered ensembles. Perfect for building a versatile wardrobe foundation or making a personal statement through wearable art.",,,,,,,,,,,,,,
Gen Tee,Gen-tee,,TDEV | TENUE DE VILLE,100% Cotton,0.2,30,,,,,T-Shirts,XS|S|M|L|XL|2XL|3XL ,Black|White|Cocao,casual|leisure,,,"GEN | TENUE DE VILLE Custom, comfort, refined style. The signature TDEV delivers a distinctive look that works seamlessly from casual outings to layered ensembles. Perfect for building a versatile wardrobe foundation or making a personal statement through wearable art.",,,,,,,,,,,,,,
Gen Tee,Gen-tee,,TDEV | TENUE DE VILLE,100% Cotton,0.2,30,,,,,T-Shirts,XS|S|M|L|XL|2XL|3XL ,Black|White|Cocao,casual|leisure,,,"GEN | TENUE DE VILLE Custom, comfort, refined style. The signature TDEV delivers a distinctive look that works seamlessly from casual outings to layered ensembles. Perfect for building a versatile wardrobe foundation or making a personal statement through wearable art.",,,,,,,,,,,,,,
Gen Tee,Gen-tee,,TDEV | TENUE DE VILLE,100% Cotton,0.2,30,,,,,T-Shirts,XS|S|M|L|XL|2XL|3XL ,Black|White|Cocao,casual|leisure,,,"GEN | TENUE DE VILLE Custom, comfort, refined style. The signature TDEV delivers a distinctive look that works seamlessly from casual outings to layered ensembles. Perfect for building a versatile wardrobe foundation or making a personal statement through wearable art.",,,,,,,,,,,,,,
Gen Tee,Gen-tee,,TDEV | TENUE DE VILLE,100% Cotton,0.2,30,,,,,T-Shirts,XS|S|M|L|XL|2XL|3XL ,Black|White|Cocao,casual|leisure,,,"GEN | TENUE DE VILLE Custom, comfort, refined style. The signature TDEV delivers a distinctive look that works seamlessly from casual outings to layered ensembles. Perfect for building a versatile wardrobe foundation or making a personal statement through wearable art.",,,,,,,,,,,,,,
Gen Tee,Gen-tee,,TDEV | TENUE DE VILLE,100% Cotton,0.2,30,,,,,T-Shirts,XS|S|M|L|XL|2XL|3XL ,Black|White|Cocao,casual|leisure,,,"GEN | TENUE DE VILLE Custom, comfort, refined style. The signature TDEV delivers a distinctive look that works seamlessly from casual outings to layered ensembles. Perfect for building a versatile wardrobe foundation or making a personal statement through wearable art.",,,,,,,,,,,,,,
Gen Tee,Gen-tee,,TDEV | TENUE DE VILLE,100% Cotton,0.2,30,,,,,T-Shirts,XS|S|M|L|XL|2XL|3XL ,Black|White|Cocao,casual|leisure,,,"GEN | TENUE DE VILLE Custom, comfort, refined style. The signature TDEV delivers a distinctive look that works seamlessly from casual outings to layered ensembles. Perfect for building a versatile wardrobe foundation or making a personal statement through wearable art.",,,,,,,,,,,,,,
Gen Tee,Gen-tee,,TDEV | TENUE DE VILLE,100% Cotton,0.2,30,,,,,T-Shirts,XS|S|M|L|XL|2XL|3XL ,Black|White|Cocao,casual|leisure,,,"GEN | TENUE DE VILLE Custom, comfort, refined style. The signature TDEV delivers a distinctive look that works seamlessly from casual outings to layered ensembles. Perfect for building a versatile wardrobe foundation or making a personal statement through wearable art.",,,,,,,,,,,,,,
Gen Tee,Gen-tee,,TDEV | TENUE DE VILLE,100% Cotton,0.2,30,,,,,T-Shirts,XS|S|M|L|XL|2XL|3XL ,Black|White|Cocao,casual|leisure,,,"GEN | TENUE DE VILLE Custom, comfort, refined style. The signature TDEV delivers a distinctive look that works seamlessly from casual outings to layered ensembles. Perfect for building a versatile wardrobe foundation or making a personal statement through wearable art.",,,,,,,,,,,,,,
Gen Tee,Gen-tee,,TDEV | TENUE DE VILLE,100% Cotton,0.2,30,,,,,T-Shirts,XS|S|M|L|XL|2XL|3XL ,Black|White|Cocao,casual|leisure,,,"GEN | TENUE DE VILLE Custom, comfort, refined style. The signature TDEV delivers a distinctive look that works seamlessly from casual outings to layered ensembles. Perfect for building a versatile wardrobe foundation or making a personal statement through wearable art.",,,,,,,,,,,,,,
Gen Tee,Gen-tee,,TDEV | TENUE DE VILLE,100% Cotton,0.2,30,,,,,T-Shirts,XS|S|M|L|XL|2XL|3XL ,Black|White|Cocao,casual|leisure,,,"GEN | TENUE DE VILLE Custom, comfort, refined style. The signature TDEV delivers a distinctive look that works seamlessly from casual outings to layered ensembles. Perfect for building a versatile wardrobe foundation or making a personal statement through wearable art.",,,,,,,,,,,,,,
Gen Tee,Gen-tee,,TDEV | TENUE DE VILLE,100% Cotton,0.2,30,,,,,T-Shirts,XS|S|M|L|XL|2XL|3XL ,Black|White|Cocao,casual|leisure,,,"GEN | TENUE DE VILLE Custom, comfort, refined style. The signature TDEV delivers a distinctive look that works seamlessly from casual outings to layered ensembles. Perfect for building a versatile wardrobe foundation or making a personal statement through wearable art.",,,,,,,,,,,,,,
Gen Tee,Gen-tee,,TDEV | TENUE DE VILLE,100% Cotton,0.2,30,,,,,T-Shirts,XS|S|M|L|XL|2XL|3XL ,Black|White|Cocao,casual|leisure,,,"GEN | TENUE DE VILLE Custom, comfort, refined style. The signature TDEV delivers a distinctive look that works seamlessly from casual outings to layered ensembles. Perfect for building a versatile wardrobe foundation or making a personal statement through wearable art.",,,,,,,,,,,,,,
Gen Tee,Gen-tee,,TDEV | TENUE DE VILLE,100% Cotton,0.2,30,,,,,T-Shirts,XS|S|M|L|XL|2XL|3XL ,Black|White|Cocao,casual|leisure,,,"GEN | TENUE DE VILLE Custom, comfort, refined style. The signature TDEV delivers a distinctive look that works seamlessly from casual outings to layered ensembles. Perfect for building a versatile wardrobe foundation or making a personal statement through wearable art.",,,,,,,,,,,,,,
Gen Tee,Gen-tee,,TDEV | TENUE DE VILLE,100% Cotton,0.2,30,,,,,T-Shirts,XS|S|M|L|XL|2XL|3XL ,Black|White|Cocao,casual|leisure,,,"GEN | TENUE DE VILLE Custom, comfort, refined style. The signature TDEV delivers a distinctive look that works seamlessly from casual outings to layered ensembles. Perfect for building a versatile wardrobe foundation or making a personal statement through wearable art.",,,,,,,,,,,,,,
Gen Tee,Gen-tee,,TDEV | TENUE DE VILLE,100% Cotton,0.2,30,,,,,T-Shirts,XS|S|M|L|XL|2XL|3XL ,Black|White|Cocao,casual|leisure,,,"GEN | TENUE DE VILLE Custom, comfort, refined style. The signature TDEV delivers a distinctive look that works seamlessly from casual outings to layered ensembles. Perfect for building a versatile wardrobe foundation or making a personal statement through wearable art.",,,,,,,,,,,,,,
Global Tee,Global-tee,,TDEV | TENUE DE VILLE,100% Cotton,0.2,30,,,,,T-Shirts,XS|S|M|L|XL|2XL|3XL ,Black|White|Cocao,casual|leisure,,,"GLOBAL | TENUE DE VILLE Custom, comfort, refined style. The signature TDEV delivers a distinctive look that works seamlessly from casual outings to layered ensembles. Perfect for building a versatile wardrobe foundation or making a personal statement through wearable art.",,,,,,,,,,,,,,
Global Tee,Global-tee,,TDEV | TENUE DE VILLE,100% Cotton,0.2,30,,,,,T-Shirts,XS|S|M|L|XL|2XL|3XL ,Black|White|Cocao,casual|leisure,,,"GLOBAL | TENUE DE VILLE Custom, comfort, refined style. The signature TDEV delivers a distinctive look that works seamlessly from casual outings to layered ensembles. Perfect for building a versatile wardrobe foundation or making a personal statement through wearable art.",,,,,,,,,,,,,,
Global Tee,Global-tee,,TDEV | TENUE DE VILLE,100% Cotton,0.2,30,,,,,T-Shirts,XS|S|M|L|XL|2XL|3XL ,Black|White|Cocao,casual|leisure,,,"GLOBAL | TENUE DE VILLE Custom, comfort, refined style. The signature TDEV delivers a distinctive look that works seamlessly from casual outings to layered ensembles. Perfect for building a versatile wardrobe foundation or making a personal statement through wearable art.",,,,,,,,,,,,,,
Global Tee,Global-tee,,TDEV | TENUE DE VILLE,100% Cotton,0.2,30,,,,,T-Shirts,XS|S|M|L|XL|2XL|3XL ,Black|White|Cocao,casual|leisure,,,"GLOBAL | TENUE DE VILLE Custom, comfort, refined style. The signature TDEV delivers a distinctive look that works seamlessly from casual outings to layered ensembles. Perfect for building a versatile wardrobe foundation or making a personal statement through wearable art.",,,,,,,,,,,,,,
Global Tee,Global-tee,,TDEV | TENUE DE VILLE,100% Cotton,0.2,30,,,,,T-Shirts,XS|S|M|L|XL|2XL|3XL ,Black|White|Cocao,casual|leisure,,,"GLOBAL | TENUE DE VILLE Custom, comfort, refined style. The signature TDEV delivers a distinctive look that works seamlessly from casual outings to layered ensembles. Perfect for building a versatile wardrobe foundation or making a personal statement through wearable art.",,,,,,,,,,,,,,
Global Tee,Global-tee,,TDEV | TENUE DE VILLE,100% Cotton,0.2,30,,,,,T-Shirts,XS|S|M|L|XL|2XL|3XL ,Black|White|Cocao,casual|leisure,,,"GLOBAL | TENUE DE VILLE Custom, comfort, refined style. The signature TDEV delivers a distinctive look that works seamlessly from casual outings to layered ensembles. Perfect for building a versatile wardrobe foundation or making a personal statement through wearable art.",,,,,,,,,,,,,,
Global Tee,Global-tee,,TDEV | TENUE DE VILLE,100% Cotton,0.2,30,,,,,T-Shirts,XS|S|M|L|XL|2XL|3XL ,Black|White|Cocao,casual|leisure,,,"GLOBAL | TENUE DE VILLE Custom, comfort, refined style. The signature TDEV delivers a distinctive look that works seamlessly from casual outings to layered ensembles. Perfect for building a versatile wardrobe foundation or making a personal statement through wearable art.",,,,,,,,,,,,,,
Global Tee,Global-tee,,TDEV | TENUE DE VILLE,100% Cotton,0.2,30,,,,,T-Shirts,XS|S|M|L|XL|2XL|3XL ,Black|White|Cocao,casual|leisure,,,"GLOBAL | TENUE DE VILLE Custom, comfort, refined style. The signature TDEV delivers a distinctive look that works seamlessly from casual outings to layered ensembles. Perfect for building a versatile wardrobe foundation or making a personal statement through wearable art.",,,,,,,,,,,,,,
Global Tee,Global-tee,,TDEV | TENUE DE VILLE,100% Cotton,0.2,30,,,,,T-Shirts,XS|S|M|L|XL|2XL|3XL ,Black|White|Cocao,casual|leisure,,,"GLOBAL | TENUE DE VILLE Custom, comfort, refined style. The signature TDEV delivers a distinctive look that works seamlessly from casual outings to layered ensembles. Perfect for building a versatile wardrobe foundation or making a personal statement through wearable art.",,,,,,,,,,,,,,
Global Tee,Global-tee,,TDEV | TENUE DE VILLE,100% Cotton,0.2,30,,,,,T-Shirts,XS|S|M|L|XL|2XL|3XL ,Black|White|Cocao,casual|leisure,,,"GLOBAL | TENUE DE VILLE Custom, comfort, refined style. The signature TDEV delivers a distinctive look that works seamlessly from casual outings to layered ensembles. Perfect for building a versatile wardrobe foundation or making a personal statement through wearable art.",,,,,,,,,,,,,,
Global Tee,Global-tee,,TDEV | TENUE DE VILLE,100% Cotton,0.2,30,,,,,T-Shirts,XS|S|M|L|XL|2XL|3XL ,Black|White|Cocao,casual|leisure,,,"GLOBAL | TENUE DE VILLE Custom, comfort, refined style. The signature TDEV delivers a distinctive look that works seamlessly from casual outings to layered ensembles. Perfect for building a versatile wardrobe foundation or making a personal statement through wearable art.",,,,,,,,,,,,,,
Global Tee,Global-tee,,TDEV | TENUE DE VILLE,100% Cotton,0.2,30,,,,,T-Shirts,XS|S|M|L|XL|2XL|3XL ,Black|White|Cocao,casual|leisure,,,"GLOBAL | TENUE DE VILLE Custom, comfort, refined style. The signature TDEV delivers a distinctive look that works seamlessly from casual outings to layered ensembles. Perfect for building a versatile wardrobe foundation or making a personal statement through wearable art.",,,,,,,,,,,,,,
Global Tee,Global-tee,,TDEV | TENUE DE VILLE,100% Cotton,0.2,30,,,,,T-Shirts,XS|S|M|L|XL|2XL|3XL ,Black|White|Cocao,casual|leisure,,,"GLOBAL | TENUE DE VILLE Custom, comfort, refined style. The signature TDEV delivers a distinctive look that works seamlessly from casual outings to layered ensembles. Perfect for building a versatile wardrobe foundation or making a personal statement through wearable art.",,,,,,,,,,,,,,
Global Tee,Global-tee,,TDEV | TENUE DE VILLE,100% Cotton,0.2,30,,,,,T-Shirts,XS|S|M|L|XL|2XL|3XL ,Black|White|Cocao,casual|leisure,,,"GLOBAL | TENUE DE VILLE Custom, comfort, refined style. The signature TDEV delivers a distinctive look that works seamlessly from casual outings to layered ensembles. Perfect for building a versatile wardrobe foundation or making a personal statement through wearable art.",,,,,,,,,,,,,,
Global Tee,Global-tee,,TDEV | TENUE DE VILLE,100% Cotton,0.2,30,,,,,T-Shirts,XS|S|M|L|XL|2XL|3XL ,Black|White|Cocao,casual|leisure,,,"GLOBAL | TENUE DE VILLE Custom, comfort, refined style. The signature TDEV delivers a distinctive look that works seamlessly from casual outings to layered ensembles. Perfect for building a versatile wardrobe foundation or making a personal statement through wearable art.",,,,,,,,,,,,,,
Global Tee,Global-tee,,TDEV | TENUE DE VILLE,100% Cotton,0.2,30,,,,,T-Shirts,XS|S|M|L|XL|2XL|3XL ,Black|White|Cocao,casual|leisure,,,"GLOBAL | TENUE DE VILLE Custom, comfort, refined style. The signature TDEV delivers a distinctive look that works seamlessly from casual outings to layered ensembles. Perfect for building a versatile wardrobe foundation or making a personal statement through wearable art.",,,,,,,,,,,,,,
Global Tee,Global-tee,,TDEV | TENUE DE VILLE,100% Cotton,0.2,30,,,,,T-Shirts,XS|S|M|L|XL|2XL|3XL ,Black|White|Cocao,casual|leisure,,,"GLOBAL | TENUE DE VILLE Custom, comfort, refined style. The signature TDEV delivers a distinctive look that works seamlessly from casual outings to layered ensembles. Perfect for building a versatile wardrobe foundation or making a personal statement through wearable art.",,,,,,,,,,,,,,
Global Tee,Global-tee,,TDEV | TENUE DE VILLE,100% Cotton,0.2,30,,,,,T-Shirts,XS|S|M|L|XL|2XL|3XL ,Black|White|Cocao,casual|leisure,,,"GLOBAL | TENUE DE VILLE Custom, comfort, refined style. The signature TDEV delivers a distinctive look that works seamlessly from casual outings to layered ensembles. Perfect for building a versatile wardrobe foundation or making a personal statement through wearable art.",,,,,,,,,,,,,,
Hip Hop Tee,Hip Hop-tee,,TDEV | TENUE DE VILLE,100% Cotton,0.2,30,,,,,T-Shirts,XS|S|M|L|XL|2XL|3XL ,Black|White|Cocao,casual|leisure,,,"HIP HOP| TENUE DE VILLE Custom, comfort, refined style. The signature TDEV delivers a distinctive look that works seamlessly from casual outings to layered ensembles. Perfect for building a versatile wardrobe foundation or making a personal statement through wearable art.",,,,,,,,,,,,,,
Hip Hop Tee,Hip Hop-tee,,TDEV | TENUE DE VILLE,100% Cotton,0.2,30,,,,,T-Shirts,XS|S|M|L|XL|2XL|3XL ,Black|White|Cocao,casual|leisure,,,"HIP HOP| TENUE DE VILLE Custom, comfort, refined style. The signature TDEV delivers a distinctive look that works seamlessly from casual outings to layered ensembles. Perfect for building a versatile wardrobe foundation or making a personal statement through wearable art.",,,,,,,,,,,,,,
Hip Hop Tee,Hip Hop-tee,,TDEV | TENUE DE VILLE,100% Cotton,0.2,30,,,,,T-Shirts,XS|S|M|L|XL|2XL|3XL ,Black|White|Cocao,casual|leisure,,,"HIP HOP| TENUE DE VILLE Custom, comfort, refined style. The signature TDEV delivers a distinctive look that works seamlessly from casual outings to layered ensembles. Perfect for building a versatile wardrobe foundation or making a personal statement through wearable art.",,,,,,,,,,,,,,
Hip Hop Tee,Hip Hop-tee,,TDEV | TENUE DE VILLE,100% Cotton,0.2,30,,,,,T-Shirts,XS|S|M|L|XL|2XL|3XL ,Black|White|Cocao,casual|leisure,,,"HIP HOP| TENUE DE VILLE Custom, comfort, refined style. The signature TDEV delivers a distinctive look that works seamlessly from casual outings to layered ensembles. Perfect for building a versatile wardrobe foundation or making a personal statement through wearable art.",,,,,,,,,,,,,,
Hip Hop Tee,Hip Hop-tee,,TDEV | TENUE DE VILLE,100% Cotton,0.2,30,,,,,T-Shirts,XS|S|M|L|XL|2XL|3XL ,Black|White|Cocao,casual|leisure,,,"HIP HOP| TENUE DE VILLE Custom, comfort, refined style. The signature TDEV delivers a distinctive look that works seamlessly from casual outings to layered ensembles. Perfect for building a versatile wardrobe foundation or making a personal statement through wearable art.",,,,,,,,,,,,,,
Hip Hop Tee,Hip Hop-tee,,TDEV | TENUE DE VILLE,100% Cotton,0.2,30,,,,,T-Shirts,XS|S|M|L|XL|2XL|3XL ,Black|White|Cocao,casual|leisure,,,"HIP HOP| TENUE DE VILLE Custom, comfort, refined style. The signature TDEV delivers a distinctive look that works seamlessly from casual outings to layered ensembles. Perfect for building a versatile wardrobe foundation or making a personal statement through wearable art.",,,,,,,,,,,,,,
Hip Hop Tee,Hip Hop-tee,,TDEV | TENUE DE VILLE,100% Cotton,0.2,30,,,,,T-Shirts,XS|S|M|L|XL|2XL|3XL ,Black|White|Cocao,casual|leisure,,,"HIP HOP| TENUE DE VILLE Custom, comfort, refined style. The signature TDEV delivers a distinctive look that works seamlessly from casual outings to layered ensembles. Perfect for building a versatile wardrobe foundation or making a personal statement through wearable art.",,,,,,,,,,,,,,
Hip Hop Tee,Hip Hop-tee,,TDEV | TENUE DE VILLE,100% Cotton,0.2,30,,,,,T-Shirts,XS|S|M|L|XL|2XL|3XL ,Black|White|Cocao,casual|leisure,,,"HIP HOP| TENUE DE VILLE Custom, comfort, refined style. The signature TDEV delivers a distinctive look that works seamlessly from casual outings to layered ensembles. Perfect for building a versatile wardrobe foundation or making a personal statement through wearable art.",,,,,,,,,,,,,,
Hip Hop Tee,Hip Hop-tee,,TDEV | TENUE DE VILLE,100% Cotton,0.2,30,,,,,T-Shirts,XS|S|M|L|XL|2XL|3XL ,Black|White|Cocao,casual|leisure,,,"HIP HOP| TENUE DE VILLE Custom, comfort, refined style. The signature TDEV delivers a distinctive look that works seamlessly from casual outings to layered ensembles. Perfect for building a versatile wardrobe foundation or making a personal statement through wearable art.",,,,,,,,,,,,,,
Hip Hop Tee,Hip Hop-tee,,TDEV | TENUE DE VILLE,100% Cotton,0.2,30,,,,,T-Shirts,XS|S|M|L|XL|2XL|3XL ,Black|White|Cocao,casual|leisure,,,"HIP HOP| TENUE DE VILLE Custom, comfort, refined style. The signature TDEV delivers a distinctive look that works seamlessly from casual outings to layered ensembles. Perfect for building a versatile wardrobe foundation or making a personal statement through wearable art.",,,,,,,,,,,,,,
Hip Hop Tee,Hip Hop-tee,,TDEV | TENUE DE VILLE,100% Cotton,0.2,30,,,,,T-Shirts,XS|S|M|L|XL|2XL|3XL ,Black|White|Cocao,casual|leisure,,,"HIP HOP| TENUE DE VILLE Custom, comfort, refined style. The signature TDEV delivers a distinctive look that works seamlessly from casual outings to layered ensembles. Perfect for building a versatile wardrobe foundation or making a personal statement through wearable art.",,,,,,,,,,,,,,
Hip Hop Tee,Hip Hop-tee,,TDEV | TENUE DE VILLE,100% Cotton,0.2,30,,,,,T-Shirts,XS|S|M|L|XL|2XL|3XL ,Black|White|Cocao,casual|leisure,,,"HIP HOP| TENUE DE VILLE Custom, comfort, refined style. The signature TDEV delivers a distinctive look that works seamlessly from casual outings to layered ensembles. Perfect for building a versatile wardrobe foundation or making a personal statement through wearable art.",,,,,,,,,,,,,,
Hip Hop Tee,Hip Hop-tee,,TDEV | TENUE DE VILLE,100% Cotton,0.2,30,,,,,T-Shirts,XS|S|M|L|XL|2XL|3XL ,Black|White|Cocao,casual|leisure,,,"HIP HOP| TENUE DE VILLE Custom, comfort, refined style. The signature TDEV delivers a distinctive look that works seamlessly from casual outings to layered ensembles. Perfect for building a versatile wardrobe foundation or making a personal statement through wearable art.",,,,,,,,,,,,,,
Hip Hop Tee,Hip Hop-tee,,TDEV | TENUE DE VILLE,100% Cotton,0.2,30,,,,,T-Shirts,XS|S|M|L|XL|2XL|3XL ,Black|White|Cocao,casual|leisure,,,"HIP HOP| TENUE DE VILLE Custom, comfort, refined style. The signature TDEV delivers a distinctive look that works seamlessly from casual outings to layered ensembles. Perfect for building a versatile wardrobe foundation or making a personal statement through wearable art.",,,,,,,,,,,,,,
Hip Hop Tee,Hip Hop-tee,,TDEV | TENUE DE VILLE,100% Cotton,0.2,30,,,,,T-Shirts,XS|S|M|L|XL|2XL|3XL ,Black|White|Cocao,casual|leisure,,,"HIP HOP| TENUE DE VILLE Custom, comfort, refined style. The signature TDEV delivers a distinctive look that works seamlessly from casual outings to layered ensembles. Perfect for building a versatile wardrobe foundation or making a personal statement through wearable art.",,,,,,,,,,,,,,
Hip Hop Tee,Hip Hop-tee,,TDEV | TENUE DE VILLE,100% Cotton,0.2,30,,,,,T-Shirts,XS|S|M|L|XL|2XL|3XL ,Black|White|Cocao,casual|leisure,,,"HIP HOP| TENUE DE VILLE Custom, comfort, refined style. The signature TDEV delivers a distinctive look that works seamlessly from casual outings to layered ensembles. Perfect for building a versatile wardrobe foundation or making a personal statement through wearable art.",,,,,,,,,,,,,,
Hip Hop Tee,Hip Hop-tee,,TDEV | TENUE DE VILLE,100% Cotton,0.2,30,,,,,T-Shirts,XS|S|M|L|XL|2XL|3XL ,Black|White|Cocao,casual|leisure,,,"HIP HOP| TENUE DE VILLE Custom, comfort, refined style. The signature TDEV delivers a distinctive look that works seamlessly from casual outings to layered ensembles. Perfect for building a versatile wardrobe foundation or making a personal statement through wearable art.",,,,,,,,,,,,,,
Hip Hop Tee,Hip Hop-tee,,TDEV | TENUE DE VILLE,100% Cotton,0.2,30,,,,,T-Shirts,XS|S|M|L|XL|2XL|3XL ,Black|White|Cocao,casual|leisure,,,"HIP HOP| TENUE DE VILLE Custom, comfort, refined style. The signature TDEV delivers a distinctive look that works seamlessly from casual outings to layered ensembles. Perfect for building a versatile wardrobe foundation or making a personal statement through wearable art.",,,,,,,,,,,,,,
Hip Hop Tee,Hip Hop-tee,,TDEV | TENUE DE VILLE,100% Cotton,0.2,30,,,,,T-Shirts,XS|S|M|L|XL|2XL|3XL ,Black|White|Cocao,casual|leisure,,,"HIP HOP| TENUE DE VILLE Custom, comfort, refined style. The signature TDEV delivers a distinctive look that works seamlessly from casual outings to layered ensembles. Perfect for building a versatile wardrobe foundation or making a personal statement through wearable art.",,,,,,,,,,,,,,
Hip Hop Tee,Hip Hop-tee,,TDEV | TENUE DE VILLE,100% Cotton,0.2,30,,,,,T-Shirts,XS|S|M|L|XL|2XL|3XL ,Black|White|Cocao,casual|leisure,,,"HIP HOP| TENUE DE VILLE Custom, comfort, refined style. The signature TDEV delivers a distinctive look that works seamlessly from casual outings to layered ensembles. Perfect for building a versatile wardrobe foundation or making a personal statement through wearable art.",,,,,,,,,,,,,,
Industry Boi Tee,Industry Boi-tee,,TDEV | TENUE DE VILLE,100% Cotton,0.2,30,,,,,T-Shirts,XS|S|M|L|XL|2XL|3XL ,Black|White|Cocao,casual|leisure,,,"INDUSTRY BOI| TENUE DE VILLE Custom, comfort, refined style. The signature TDEV delivers a distinctive look that works seamlessly from casual outings to layered ensembles. Perfect for building a versatile wardrobe foundation or making a personal statement through wearable art.",,,,,,,,,,,,,,
Industry Boi Tee,Industry Boi-tee,,TDEV | TENUE DE VILLE,100% Cotton,0.2,30,,,,,T-Shirts,XS|S|M|L|XL|2XL|3XL ,Black|White|Cocao,casual|leisure,,,"INDUSTRY BOI| TENUE DE VILLE Custom, comfort, refined style. The signature TDEV delivers a distinctive look that works seamlessly from casual outings to layered ensembles. Perfect for building a versatile wardrobe foundation or making a personal statement through wearable art.",,,,,,,,,,,,,,
Industry Boi Tee,Industry Boi-tee,,TDEV | TENUE DE VILLE,100% Cotton,0.2,30,,,,,T-Shirts,XS|S|M|L|XL|2XL|3XL ,Black|White|Cocao,casual|leisure,,,"INDUSTRY BOI| TENUE DE VILLE Custom, comfort, refined style. The signature TDEV delivers a distinctive look that works seamlessly from casual outings to layered ensembles. Perfect for building a versatile wardrobe foundation or making a personal statement through wearable art.",,,,,,,,,,,,,,
Industry Boi Tee,Industry Boi-tee,,TDEV | TENUE DE VILLE,100% Cotton,0.2,30,,,,,T-Shirts,XS|S|M|L|XL|2XL|3XL ,Black|White|Cocao,casual|leisure,,,"INDUSTRY BOI| TENUE DE VILLE Custom, comfort, refined style. The signature TDEV delivers a distinctive look that works seamlessly from casual outings to layered ensembles. Perfect for building a versatile wardrobe foundation or making a personal statement through wearable art.",,,,,,,,,,,,,,
Industry Boi Tee,Industry Boi-tee,,TDEV | TENUE DE VILLE,100% Cotton,0.2,30,,,,,T-Shirts,XS|S|M|L|XL|2XL|3XL ,Black|White|Cocao,casual|leisure,,,"INDUSTRY BOI| TENUE DE VILLE Custom, comfort, refined style. The signature TDEV delivers a distinctive look that works seamlessly from casual outings to layered ensembles. Perfect for building a versatile wardrobe foundation or making a personal statement through wearable art.",,,,,,,,,,,,,,
Industry Boi Tee,Industry Boi-tee,,TDEV | TENUE DE VILLE,100% Cotton,0.2,30,,,,,T-Shirts,XS|S|M|L|XL|2XL|3XL ,Black|White|Cocao,casual|leisure,,,"INDUSTRY BOI| TENUE DE VILLE Custom, comfort, refined style. The signature TDEV delivers a distinctive look that works seamlessly from casual outings to layered ensembles. Perfect for building a versatile wardrobe foundation or making a personal statement through wearable art.",,,,,,,,,,,,,,
Industry Boi Tee,Industry Boi-tee,,TDEV | TENUE DE VILLE,100% Cotton,0.2,30,,,,,T-Shirts,XS|S|M|L|XL|2XL|3XL ,Black|White|Cocao,casual|leisure,,,"INDUSTRY BOI| TENUE DE VILLE Custom, comfort, refined style. The signature TDEV delivers a distinctive look that works seamlessly from casual outings to layered ensembles. Perfect for building a versatile wardrobe foundation or making a personal statement through wearable art.",,,,,,,,,,,,,,
Industry Boi Tee,Industry Boi-tee,,TDEV | TENUE DE VILLE,100% Cotton,0.2,30,,,,,T-Shirts,XS|S|M|L|XL|2XL|3XL ,Black|White|Cocao,casual|leisure,,,"INDUSTRY BOI| TENUE DE VILLE Custom, comfort, refined style. The signature TDEV delivers a distinctive look that works seamlessly from casual outings to layered ensembles. Perfect for building a versatile wardrobe foundation or making a personal statement through wearable art.",,,,,,,,,,,,,,
Industry Boi Tee,Industry Boi-tee,,TDEV | TENUE DE VILLE,100% Cotton,0.2,30,,,,,T-Shirts,XS|S|M|L|XL|2XL|3XL ,Black|White|Cocao,casual|leisure,,,"INDUSTRY BOI| TENUE DE VILLE Custom, comfort, refined style. The signature TDEV delivers a distinctive look that works seamlessly from casual outings to layered ensembles. Perfect for building a versatile wardrobe foundation or making a personal statement through wearable art.",,,,,,,,,,,,,,
Industry Boi Tee,Industry Boi-tee,,TDEV | TENUE DE VILLE,100% Cotton,0.2,30,,,,,T-Shirts,XS|S|M|L|XL|2XL|3XL ,Black|White|Cocao,casual|leisure,,,"INDUSTRY BOI| TENUE DE VILLE Custom, comfort, refined style. The signature TDEV delivers a distinctive look that works seamlessly from casual outings to layered ensembles. Perfect for building a versatile wardrobe foundation or making a personal statement through wearable art.",,,,,,,,,,,,,,
Industry Boi Tee,Industry Boi-tee,,TDEV | TENUE DE VILLE,100% Cotton,0.2,30,,,,,T-Shirts,XS|S|M|L|XL|2XL|3XL ,Black|White|Cocao,casual|leisure,,,"INDUSTRY BOI| TENUE DE VILLE Custom, comfort, refined style. The signature TDEV delivers a distinctive look that works seamlessly from casual outings to layered ensembles. Perfect for building a versatile wardrobe foundation or making a personal statement through wearable art.",,,,,,,,,,,,,,
Industry Boi Tee,Industry Boi-tee,,TDEV | TENUE DE VILLE,100% Cotton,0.2,30,,,,,T-Shirts,XS|S|M|L|XL|2XL|3XL ,Black|White|Cocao,casual|leisure,,,"INDUSTRY BOI| TENUE DE VILLE Custom, comfort, refined style. The signature TDEV delivers a distinctive look that works seamlessly from casual outings to layered ensembles. Perfect for building a versatile wardrobe foundation or making a personal statement through wearable art.",,,,,,,,,,,,,,
Industry Boi Tee,Industry Boi-tee,,TDEV | TENUE DE VILLE,100% Cotton,0.2,30,,,,,T-Shirts,XS|S|M|L|XL|2XL|3XL ,Black|White|Cocao,casual|leisure,,,"INDUSTRY BOI| TENUE DE VILLE Custom, comfort, refined style. The signature TDEV delivers a distinctive look that works seamlessly from casual outings to layered ensembles. Perfect for building a versatile wardrobe foundation or making a personal statement through wearable art.",,,,,,,,,,,,,,
Industry Boi Tee,Industry Boi-tee,,TDEV | TENUE DE VILLE,100% Cotton,0.2,30,,,,,T-Shirts,XS|S|M|L|XL|2XL|3XL ,Black|White|Cocao,casual|leisure,,,"INDUSTRY BOI| TENUE DE VILLE Custom, comfort, refined style. The signature TDEV delivers a distinctive look that works seamlessly from casual outings to layered ensembles. Perfect for building a versatile wardrobe foundation or making a personal statement through wearable art.",,,,,,,,,,,,,,
Industry Boi Tee,Industry Boi-tee,,TDEV | TENUE DE VILLE,100% Cotton,0.2,30,,,,,T-Shirts,XS|S|M|L|XL|2XL|3XL ,Black|White|Cocao,casual|leisure,,,"INDUSTRY BOI| TENUE DE VILLE Custom, comfort, refined style. The signature TDEV delivers a distinctive look that works seamlessly from casual outings to layered ensembles. Perfect for building a versatile wardrobe foundation or making a personal statement through wearable art.",,,,,,,,,,,,,,
Industry Girly Tee,Industry Girly-tee,,TDEV | TENUE DE VILLE,100% Cotton,0.2,30,,,,,T-Shirts,XS|S|M|L|XL|2XL|3XL ,Black|White|Cocao,casual|leisure,,,"INDUSTRY GIRLY| TENUE DE VILLE Custom, comfort, refined style. The signature TDEV delivers a distinctive look that works seamlessly from casual outings to layered ensembles. Perfect for building a versatile wardrobe foundation or making a personal statement through wearable art.",,,,,,,,,,,,,,
Industry Girly Tee,Industry Girly-tee,,TDEV | TENUE DE VILLE,100% Cotton,0.2,30,,,,,T-Shirts,XS|S|M|L|XL|2XL|3XL ,Black|White|Cocao,casual|leisure,,,"INDUSTRY GIRLY| TENUE DE VILLE Custom, comfort, refined style. The signature TDEV delivers a distinctive look that works seamlessly from casual outings to layered ensembles. Perfect for building a versatile wardrobe foundation or making a personal statement through wearable art.",,,,,,,,,,,,,,
Industry Girly Tee,Industry Girly-tee,,TDEV | TENUE DE VILLE,100% Cotton,0.2,30,,,,,T-Shirts,XS|S|M|L|XL|2XL|3XL ,Black|White|Cocao,casual|leisure,,,"INDUSTRY GIRLY| TENUE DE VILLE Custom, comfort, refined style. The signature TDEV delivers a distinctive look that works seamlessly from casual outings to layered ensembles. Perfect for building a versatile wardrobe foundation or making a personal statement through wearable art.",,,,,,,,,,,,,,
Industry Girly Tee,Industry Girly-tee,,TDEV | TENUE DE VILLE,100% Cotton,0.2,30,,,,,T-Shirts,XS|S|M|L|XL|2XL|3XL ,Black|White|Cocao,casual|leisure,,,"INDUSTRY GIRLY| TENUE DE VILLE Custom, comfort, refined style. The signature TDEV delivers a distinctive look that works seamlessly from casual outings to layered ensembles. Perfect for building a versatile wardrobe foundation or making a personal statement through wearable art.",,,,,,,,,,,,,,
Industry Girly Tee,Industry Girly-tee,,TDEV | TENUE DE VILLE,100% Cotton,0.2,30,,,,,T-Shirts,XS|S|M|L|XL|2XL|3XL ,Black|White|Cocao,casual|leisure,,,"INDUSTRY GIRLY| TENUE DE VILLE Custom, comfort, refined style. The signature TDEV delivers a distinctive look that works seamlessly from casual outings to layered ensembles. Perfect for building a versatile wardrobe foundation or making a personal statement through wearable art.",,,,,,,,,,,,,,
Industry Girly Tee,Industry Girly-tee,,TDEV | TENUE DE VILLE,100% Cotton,0.2,30,,,,,T-Shirts,XS|S|M|L|XL|2XL|3XL ,Black|White|Cocao,casual|leisure,,,"INDUSTRY GIRLY| TENUE DE VILLE Custom, comfort, refined style. The signature TDEV delivers a distinctive look that works seamlessly from casual outings to layered ensembles. Perfect for building a versatile wardrobe foundation or making a personal statement through wearable art.",,,,,,,,,,,,,,
Industry Girly Tee,Industry Girly-tee,,TDEV | TENUE DE VILLE,100% Cotton,0.2,30,,,,,T-Shirts,XS|S|M|L|XL|2XL|3XL ,Black|White|Cocao,casual|leisure,,,"INDUSTRY GIRLY| TENUE DE VILLE Custom, comfort, refined style. The signature TDEV delivers a distinctive look that works seamlessly from casual outings to layered ensembles. Perfect for building a versatile wardrobe foundation or making a personal statement through wearable art.",,,,,,,,,,,,,,
Industry Girly Tee,Industry Girly-tee,,TDEV | TENUE DE VILLE,100% Cotton,0.2,30,,,,,T-Shirts,XS|S|M|L|XL|2XL|3XL ,Black|White|Cocao,casual|leisure,,,"INDUSTRY GIRLY| TENUE DE VILLE Custom, comfort, refined style. The signature TDEV delivers a distinctive look that works seamlessly from casual outings to layered ensembles. Perfect for building a versatile wardrobe foundation or making a personal statement through wearable art.",,,,,,,,,,,,,,
Industry Girly Tee,Industry Girly-tee,,TDEV | TENUE DE VILLE,100% Cotton,0.2,30,,,,,T-Shirts,XS|S|M|L|XL|2XL|3XL ,Black|White|Cocao,casual|leisure,,,"INDUSTRY GIRLY| TENUE DE VILLE Custom, comfort, refined style. The signature TDEV delivers a distinctive look that works seamlessly from casual outings to layered ensembles. Perfect for building a versatile wardrobe foundation or making a personal statement through wearable art.",,,,,,,,,,,,,,
Industry Girly Tee,Industry Girly-tee,,TDEV | TENUE DE VILLE,100% Cotton,0.2,30,,,,,T-Shirts,XS|S|M|L|XL|2XL|3XL ,Black|White|Cocao,casual|leisure,,,"INDUSTRY GIRLY| TENUE DE VILLE Custom, comfort, refined style. The signature TDEV delivers a distinctive look that works seamlessly from casual outings to layered ensembles. Perfect for building a versatile wardrobe foundation or making a personal statement through wearable art.",,,,,,,,,,,,,,
Industry Girly Tee,Industry Girly-tee,,TDEV | TENUE DE VILLE,100% Cotton,0.2,30,,,,,T-Shirts,XS|S|M|L|XL|2XL|3XL ,Black|White|Cocao,casual|leisure,,,"INDUSTRY GIRLY| TENUE DE VILLE Custom, comfort, refined style. The signature TDEV delivers a distinctive look that works seamlessly from casual outings to layered ensembles. Perfect for building a versatile wardrobe foundation or making a personal statement through wearable art.",,,,,,,,,,,,,,
Industry Girly Tee,Industry Girly-tee,,TDEV | TENUE DE VILLE,100% Cotton,0.2,30,,,,,T-Shirts,XS|S|M|L|XL|2XL|3XL ,Black|White|Cocao,casual|leisure,,,"INDUSTRY GIRLY| TENUE DE VILLE Custom, comfort, refined style. The signature TDEV delivers a distinctive look that works seamlessly from casual outings to layered ensembles. Perfect for building a versatile wardrobe foundation or making a personal statement through wearable art.",,,,,,,,,,,,,,
Industry Girly Tee,Industry Girly-tee,,TDEV | TENUE DE VILLE,100% Cotton,0.2,30,,,,,T-Shirts,XS|S|M|L|XL|2XL|3XL ,Black|White|Cocao,casual|leisure,,,"INDUSTRY GIRLY| TENUE DE VILLE Custom, comfort, refined style. The signature TDEV delivers a distinctive look that works seamlessly from casual outings to layered ensembles. Perfect for building a versatile wardrobe foundation or making a personal statement through wearable art.",,,,,,,,,,,,,,
Industry Girly Tee,Industry Girly-tee,,TDEV | TENUE DE VILLE,100% Cotton,0.2,30,,,,,T-Shirts,XS|S|M|L|XL|2XL|3XL ,Black|White|Cocao,casual|leisure,,,"INDUSTRY GIRLY| TENUE DE VILLE Custom, comfort, refined style. The signature TDEV delivers a distinctive look that works seamlessly from casual outings to layered ensembles. Perfect for building a versatile wardrobe foundation or making a personal statement through wearable art.",,,,,,,,,,,,,,
Industry Girly Tee,Industry Girly-tee,,TDEV | TENUE DE VILLE,100% Cotton,0.2,30,,,,,T-Shirts,XS|S|M|L|XL|2XL|3XL ,Black|White|Cocao,casual|leisure,,,"INDUSTRY GIRLY| TENUE DE VILLE Custom, comfort, refined style. The signature TDEV delivers a distinctive look that works seamlessly from casual outings to layered ensembles. Perfect for building a versatile wardrobe foundation or making a personal statement through wearable art.",,,,,,,,,,,,,,
Mane Girly Tee,Mane Girly-tee,,TDEV | TENUE DE VILLE,100% Cotton,0.2,30,,,,,T-Shirts,XS|S|M|L|XL|2XL|3XL ,Black|White|Cocao,casual|leisure,,,"MANE GIRLY| TENUE DE VILLE Custom, comfort, refined style. The signature TDEV delivers a distinctive look that works seamlessly from casual outings to layered ensembles. Perfect for building a versatile wardrobe foundation or making a personal statement through wearable art.",,,,,,,,,,,,,,
Mane Girly Tee,Mane Girly-tee,,TDEV | TENUE DE VILLE,100% Cotton,0.2,30,,,,,T-Shirts,XS|S|M|L|XL|2XL|3XL ,Black|White|Cocao,casual|leisure,,,"MANE GIRLY| TENUE DE VILLE Custom, comfort, refined style. The signature TDEV delivers a distinctive look that works seamlessly from casual outings to layered ensembles. Perfect for building a versatile wardrobe foundation or making a personal statement through wearable art.",,,,,,,,,,,,,,
Mane Girly Tee,Mane Girly-tee,,TDEV | TENUE DE VILLE,100% Cotton,0.2,30,,,,,T-Shirts,XS|S|M|L|XL|2XL|3XL ,Black|White|Cocao,casual|leisure,,,"MANE GIRLY| TENUE DE VILLE Custom, comfort, refined style. The signature TDEV delivers a distinctive look that works seamlessly from casual outings to layered ensembles. Perfect for building a versatile wardrobe foundation or making a personal statement through wearable art.",,,,,,,,,,,,,,
ME: Tee,ME:-tee,,TDEV | TENUE DE VILLE,100% Cotton,0.2,30,,,,,T-Shirts,XS|S|M|L|XL|2XL|3XL ,Black|White|Cocao,casual|leisure,,,"ME:| TENUE DE VILLE Custom, comfort, refined style. The signature TDEV delivers a distinctive look that works seamlessly from casual outings to layered ensembles. Perfect for building a versatile wardrobe foundation or making a personal statement through wearable art.",,,,,,,,,,,,,,
ME: Tee,ME:-tee,,TDEV | TENUE DE VILLE,100% Cotton,0.2,30,,,,,T-Shirts,XS|S|M|L|XL|2XL|3XL ,Black|White|Cocao,casual|leisure,,,"ME:| TENUE DE VILLE Custom, comfort, refined style. The signature TDEV delivers a distinctive look that works seamlessly from casual outings to layered ensembles. Perfect for building a versatile wardrobe foundation or making a personal statement through wearable art.",,,,,,,,,,,,,,
ME: Tee,ME:-tee,,TDEV | TENUE DE VILLE,100% Cotton,0.2,30,,,,,T-Shirts,XS|S|M|L|XL|2XL|3XL ,Black|White|Cocao,casual|leisure,,,"ME:| TENUE DE VILLE Custom, comfort, refined style. The signature TDEV delivers a distinctive look that works seamlessly from casual outings to layered ensembles. Perfect for building a versatile wardrobe foundation or making a personal statement through wearable art.",,,,,,,,,,,,,,
ME: Tee,ME:-tee,,TDEV | TENUE DE VILLE,100% Cotton,0.2,30,,,,,T-Shirts,XS|S|M|L|XL|2XL|3XL ,Black|White|Cocao,casual|leisure,,,"ME:| TENUE DE VILLE Custom, comfort, refined style. The signature TDEV delivers a distinctive look that works seamlessly from casual outings to layered ensembles. Perfect for building a versatile wardrobe foundation or making a personal statement through wearable art.",,,,,,,,,,,,,,
ME: Tee,ME:-tee,,TDEV | TENUE DE VILLE,100% Cotton,0.2,30,,,,,T-Shirts,XS|S|M|L|XL|2XL|3XL ,Black|White|Cocao,casual|leisure,,,"ME:| TENUE DE VILLE Custom, comfort, refined style. The signature TDEV delivers a distinctive look that works seamlessly from casual outings to layered ensembles. Perfect for building a versatile wardrobe foundation or making a personal statement through wearable art.",,,,,,,,,,,,,,
ME: Tee,ME:-tee,,TDEV | TENUE DE VILLE,100% Cotton,0.2,30,,,,,T-Shirts,XS|S|M|L|XL|2XL|3XL ,Black|White|Cocao,casual|leisure,,,"ME:| TENUE DE VILLE Custom, comfort, refined style. The signature TDEV delivers a distinctive look that works seamlessly from casual outings to layered ensembles. Perfect for building a versatile wardrobe foundation or making a personal statement through wearable art.",,,,,,,,,,,,,,
ME: Tee,ME:-tee,,TDEV | TENUE DE VILLE,100% Cotton,0.2,30,,,,,T-Shirts,XS|S|M|L|XL|2XL|3XL ,Black|White|Cocao,casual|leisure,,,"ME:| TENUE DE VILLE Custom, comfort, refined style. The signature TDEV delivers a distinctive look that works seamlessly from casual outings to layered ensembles. Perfect for building a versatile wardrobe foundation or making a personal statement through wearable art.",,,,,,,,,,,,,,
ME: Tee,ME:-tee,,TDEV | TENUE DE VILLE,100% Cotton,0.2,30,,,,,T-Shirts,XS|S|M|L|XL|2XL|3XL ,Black|White|Cocao,casual|leisure,,,"ME:| TENUE DE VILLE Custom, comfort, refined style. The signature TDEV delivers a distinctive look that works seamlessly from casual outings to layered ensembles. Perfect for building a versatile wardrobe foundation or making a personal statement through wearable art.",,,,,,,,,,,,,,
ME: Tee,ME:-tee,,TDEV | TENUE DE VILLE,100% Cotton,0.2,30,,,,,T-Shirts,XS|S|M|L|XL|2XL|3XL ,Black|White|Cocao,casual|leisure,,,"ME:| TENUE DE VILLE Custom, comfort, refined style. The signature TDEV delivers a distinctive look that works seamlessly from casual outings to layered ensembles. Perfect for building a versatile wardrobe foundation or making a personal statement through wearable art.",,,,,,,,,,,,,,
ME: Tee,ME:-tee,,TDEV | TENUE DE VILLE,100% Cotton,0.2,30,,,,,T-Shirts,XS|S|M|L|XL|2XL|3XL ,Black|White|Cocao,casual|leisure,,,"ME:| TENUE DE VILLE Custom, comfort, refined style. The signature TDEV delivers a distinctive look that works seamlessly from casual outings to layered ensembles. Perfect for building a versatile wardrobe foundation or making a personal statement through wearable art.",,,,,,,,,,,,,,
ME: Tee,ME:-tee,,TDEV | TENUE DE VILLE,100% Cotton,0.2,30,,,,,T-Shirts,XS|S|M|L|XL|2XL|3XL ,Black|White|Cocao,casual|leisure,,,"ME:| TENUE DE VILLE Custom, comfort, refined style. The signature TDEV delivers a distinctive look that works seamlessly from casual outings to layered ensembles. Perfect for building a versatile wardrobe foundation or making a personal statement through wearable art.",,,,,,,,,,,,,,
ME: Tee,ME:-tee,,TDEV | TENUE DE VILLE,100% Cotton,0.2,30,,,,,T-Shirts,XS|S|M|L|XL|2XL|3XL ,Black|White|Cocao,casual|leisure,,,"ME:| TENUE DE VILLE Custom, comfort, refined style. The signature TDEV delivers a distinctive look that works seamlessly from casual outings to layered ensembles. Perfect for building a versatile wardrobe foundation or making a personal statement through wearable art.",,,,,,,,,,,,,,
ME: Tee,ME:-tee,,TDEV | TENUE DE VILLE,100% Cotton,0.2,30,,,,,T-Shirts,XS|S|M|L|XL|2XL|3XL ,Black|White|Cocao,casual|leisure,,,"ME:| TENUE DE VILLE Custom, comfort, refined style. The signature TDEV delivers a distinctive look that works seamlessly from casual outings to layered ensembles. Perfect for building a versatile wardrobe foundation or making a personal statement through wearable art.",,,,,,,,,,,,,,
ME: Tee,ME:-tee,,TDEV | TENUE DE VILLE,100% Cotton,0.2,30,,,,,T-Shirts,XS|S|M|L|XL|2XL|3XL ,Black|White|Cocao,casual|leisure,,,"ME:| TENUE DE VILLE Custom, comfort, refined style. The signature TDEV delivers a distinctive look that works seamlessly from casual outings to layered ensembles. Perfect for building a versatile wardrobe foundation or making a personal statement through wearable art.",,,,,,,,,,,,,,
ME: Tee,ME:-tee,,TDEV | TENUE DE VILLE,100% Cotton,0.2,30,,,,,T-Shirts,XS|S|M|L|XL|2XL|3XL ,Black|White|Cocao,casual|leisure,,,"ME:| TENUE DE VILLE Custom, comfort, refined style. The signature TDEV delivers a distinctive look that works seamlessly from casual outings to layered ensembles. Perfect for building a versatile wardrobe foundation or making a personal statement through wearable art.",,,,,,,,,,,,,,
ME: Tee,ME:-tee,,TDEV | TENUE DE VILLE,100% Cotton,0.2,30,,,,,T-Shirts,XS|S|M|L|XL|2XL|3XL ,Black|White|Cocao,casual|leisure,,,"ME:| TENUE DE VILLE Custom, comfort, refined style. The signature TDEV delivers a distinctive look that works seamlessly from casual outings to layered ensembles. Perfect for building a versatile wardrobe foundation or making a personal statement through wearable art.",,,,,,,,,,,,,,
ME: Tee,ME:-tee,,TDEV | TENUE DE VILLE,100% Cotton,0.2,30,,,,,T-Shirts,XS|S|M|L|XL|2XL|3XL ,Black|White|Cocao,casual|leisure,,,"ME:| TENUE DE VILLE Custom, comfort, refined style. The signature TDEV delivers a distinctive look that works seamlessly from casual outings to layered ensembles. Perfect for building a versatile wardrobe foundation or making a personal statement through wearable art.",,,,,,,,,,,,,,
ME: Tee,ME:-tee,,TDEV | TENUE DE VILLE,100% Cotton,0.2,30,,,,,T-Shirts,XS|S|M|L|XL|2XL|3XL ,Black|White|Cocao,casual|leisure,,,"ME:| TENUE DE VILLE Custom, comfort, refined style. The signature TDEV delivers a distinctive look that works seamlessly from casual outings to layered ensembles. Perfect for building a versatile wardrobe foundation or making a personal statement through wearable art.",,,,,,,,,,,,,,
ME: Tee,ME:-tee,,TDEV | TENUE DE VILLE,100% Cotton,0.2,30,,,,,T-Shirts,XS|S|M|L|XL|2XL|3XL ,Black|White|Cocao,casual|leisure,,,"ME:| TENUE DE VILLE Custom, comfort, refined style. The signature TDEV delivers a distinctive look that works seamlessly from casual outings to layered ensembles. Perfect for building a versatile wardrobe foundation or making a personal statement through wearable art.",,,,,,,,,,,,,,
ME: Tee,ME:-tee,,TDEV | TENUE DE VILLE,100% Cotton,0.2,30,,,,,T-Shirts,XS|S|M|L|XL|2XL|3XL ,Black|White|Cocao,casual|leisure,,,"ME:| TENUE DE VILLE Custom, comfort, refined style. The signature TDEV delivers a distinctive look that works seamlessly from casual outings to layered ensembles. Perfect for building a versatile wardrobe foundation or making a personal statement through wearable art.",,,,,,,,,,,,,,
ME: Tee,ME:-tee,,TDEV | TENUE DE VILLE,100% Cotton,0.2,30,,,,,T-Shirts,XS|S|M|L|XL|2XL|3XL ,Black|White|Cocao,casual|leisure,,,"ME:| TENUE DE VILLE Custom, comfort, refined style. The signature TDEV delivers a distinctive look that works seamlessly from casual outings to layered ensembles. Perfect for building a versatile wardrobe foundation or making a personal statement through wearable art.",,,,,,,,,,,,,,
ME: Tee,ME:-tee,,TDEV | TENUE DE VILLE,100% Cotton,0.2,30,,,,,T-Shirts,XS|S|M|L|XL|2XL|3XL ,Black|White|Cocao,casual|leisure,,,"ME:| TENUE DE VILLE Custom, comfort, refined style. The signature TDEV delivers a distinctive look that works seamlessly from casual outings to layered ensembles. Perfect for building a versatile wardrobe foundation or making a personal statement through wearable art.",,,,,,,,,,,,,,
ME: Tee,ME:-tee,,TDEV | TENUE DE VILLE,100% Cotton,0.2,30,,,,,T-Shirts,XS|S|M|L|XL|2XL|3XL ,Black|White|Cocao,casual|leisure,,,"ME:| TENUE DE VILLE Custom, comfort, refined style. The signature TDEV delivers a distinctive look that works seamlessly from casual outings to layered ensembles. Perfect for building a versatile wardrobe foundation or making a personal statement through wearable art.",,,,,,,,,,,,,,
MED Girly Tee,MED Girly-tee,,TDEV | TENUE DE VILLE,100% Cotton,0.2,30,,,,,T-Shirts,XS|S|M|L|XL|2XL|3XL ,Black|White|Cocao,casual|leisure,,,"MED GIRLY| TENUE DE VILLE Custom, comfort, refined style. The signature TDEV delivers a distinctive look that works seamlessly from casual outings to layered ensembles. Perfect for building a versatile wardrobe foundation or making a personal statement through wearable art.",,,,,,,,,,,,,,
MED Girly Tee,MED Girly-tee,,TDEV | TENUE DE VILLE,100% Cotton,0.2,30,,,,,T-Shirts,XS|S|M|L|XL|2XL|3XL ,Black|White|Cocao,casual|leisure,,,"MED GIRLY| TENUE DE VILLE Custom, comfort, refined style. The signature TDEV delivers a distinctive look that works seamlessly from casual outings to layered ensembles. Perfect for building a versatile wardrobe foundation or making a personal statement through wearable art.",,,,,,,,,,,,,,
MED Girly Tee,MED Girly-tee,,TDEV | TENUE DE VILLE,100% Cotton,0.2,30,,,,,T-Shirts,XS|S|M|L|XL|2XL|3XL ,Black|White|Cocao,casual|leisure,,,"MED GIRLY| TENUE DE VILLE Custom, comfort, refined style. The signature TDEV delivers a distinctive look that works seamlessly from casual outings to layered ensembles. Perfect for building a versatile wardrobe foundation or making a personal statement through wearable art.",,,,,,,,,,,,,,
MED Girly Tee,MED Girly-tee,,TDEV | TENUE DE VILLE,100% Cotton,0.2,30,,,,,T-Shirts,XS|S|M|L|XL|2XL|3XL ,Black|White|Cocao,casual|leisure,,,"MED GIRLY| TENUE DE VILLE Custom, comfort, refined style. The signature TDEV delivers a distinctive look that works seamlessly from casual outings to layered ensembles. Perfect for building a versatile wardrobe foundation or making a personal statement through wearable art.",,,,,,,,,,,,,,
MED Girly Tee,MED Girly-tee,,TDEV | TENUE DE VILLE,100% Cotton,0.2,30,,,,,T-Shirts,XS|S|M|L|XL|2XL|3XL ,Black|White|Cocao,casual|leisure,,,"MED GIRLY| TENUE DE VILLE Custom, comfort, refined style. The signature TDEV delivers a distinctive look that works seamlessly from casual outings to layered ensembles. Perfect for building a versatile wardrobe foundation or making a personal statement through wearable art.",,,,,,,,,,,,,,
MED Girly Tee,MED Girly-tee,,TDEV | TENUE DE VILLE,100% Cotton,0.2,30,,,,,T-Shirts,XS|S|M|L|XL|2XL|3XL ,Black|White|Cocao,casual|leisure,,,"MED GIRLY| TENUE DE VILLE Custom, comfort, refined style. The signature TDEV delivers a distinctive look that works seamlessly from casual outings to layered ensembles. Perfect for building a versatile wardrobe foundation or making a personal statement through wearable art.",,,,,,,,,,,,,,
MED Girly Tee,MED Girly-tee,,TDEV | TENUE DE VILLE,100% Cotton,0.2,30,,,,,T-Shirts,XS|S|M|L|XL|2XL|3XL ,Black|White|Cocao,casual|leisure,,,"MED GIRLY| TENUE DE VILLE Custom, comfort, refined style. The signature TDEV delivers a distinctive look that works seamlessly from casual outings to layered ensembles. Perfect for building a versatile wardrobe foundation or making a personal statement through wearable art.",,,,,,,,,,,,,,
MED Girly Tee,MED Girly-tee,,TDEV | TENUE DE VILLE,100% Cotton,0.2,30,,,,,T-Shirts,XS|S|M|L|XL|2XL|3XL ,Black|White|Cocao,casual|leisure,,,"MED GIRLY| TENUE DE VILLE Custom, comfort, refined style. The signature TDEV delivers a distinctive look that works seamlessly from casual outings to layered ensembles. Perfect for building a versatile wardrobe foundation or making a personal statement through wearable art.",,,,,,,,,,,,,,
MED Girly Tee,MED Girly-tee,,TDEV | TENUE DE VILLE,100% Cotton,0.2,30,,,,,T-Shirts,XS|S|M|L|XL|2XL|3XL ,Black|White|Cocao,casual|leisure,,,"MED GIRLY| TENUE DE VILLE Custom, comfort, refined style. The signature TDEV delivers a distinctive look that works seamlessly from casual outings to layered ensembles. Perfect for building a versatile wardrobe foundation or making a personal statement through wearable art.",,,,,,,,,,,,,,
MED Girly Tee,MED Girly-tee,,TDEV | TENUE DE VILLE,100% Cotton,0.2,30,,,,,T-Shirts,XS|S|M|L|XL|2XL|3XL ,Black|White|Cocao,casual|leisure,,,"MED GIRLY| TENUE DE VILLE Custom, comfort, refined style. The signature TDEV delivers a distinctive look that works seamlessly from casual outings to layered ensembles. Perfect for building a versatile wardrobe foundation or making a personal statement through wearable art.",,,,,,,,,,,,,,
MED Girly Tee,MED Girly-tee,,TDEV | TENUE DE VILLE,100% Cotton,0.2,30,,,,,T-Shirts,XS|S|M|L|XL|2XL|3XL ,Black|White|Cocao,casual|leisure,,,"MED GIRLY| TENUE DE VILLE Custom, comfort, refined style. The signature TDEV delivers a distinctive look that works seamlessly from casual outings to layered ensembles. Perfect for building a versatile wardrobe foundation or making a personal statement through wearable art.",,,,,,,,,,,,,,
MED Girly Tee,MED Girly-tee,,TDEV | TENUE DE VILLE,100% Cotton,0.2,30,,,,,T-Shirts,XS|S|M|L|XL|2XL|3XL ,Black|White|Cocao,casual|leisure,,,"MED GIRLY| TENUE DE VILLE Custom, comfort, refined style. The signature TDEV delivers a distinctive look that works seamlessly from casual outings to layered ensembles. Perfect for building a versatile wardrobe foundation or making a personal statement through wearable art.",,,,,,,,,,,,,,
MED Girly Tee,MED Girly-tee,,TDEV | TENUE DE VILLE,100% Cotton,0.2,30,,,,,T-Shirts,XS|S|M|L|XL|2XL|3XL ,Black|White|Cocao,casual|leisure,,,"MED GIRLY| TENUE DE VILLE Custom, comfort, refined style. The signature TDEV delivers a distinctive look that works seamlessly from casual outings to layered ensembles. Perfect for building a versatile wardrobe foundation or making a personal statement through wearable art.",,,,,,,,,,,,,,
MED Girly Tee,MED Girly-tee,,TDEV | TENUE DE VILLE,100% Cotton,0.2,30,,,,,T-Shirts,XS|S|M|L|XL|2XL|3XL ,Black|White|Cocao,casual|leisure,,,"MED GIRLY| TENUE DE VILLE Custom, comfort, refined style. The signature TDEV delivers a distinctive look that works seamlessly from casual outings to layered ensembles. Perfect for building a versatile wardrobe foundation or making a personal statement through wearable art.",,,,,,,,,,,,,,
MED Girly Tee,MED Girly-tee,,TDEV | TENUE DE VILLE,100% Cotton,0.2,30,,,,,T-Shirts,XS|S|M|L|XL|2XL|3XL ,Black|White|Cocao,casual|leisure,,,"MED GIRLY| TENUE DE VILLE Custom, comfort, refined style. The signature TDEV delivers a distinctive look that works seamlessly from casual outings to layered ensembles. Perfect for building a versatile wardrobe foundation or making a personal statement through wearable art.",,,,,,,,,,,,,,
MED Girly Tee,MED Girly-tee,,TDEV | TENUE DE VILLE,100% Cotton,0.2,30,,,,,T-Shirts,XS|S|M|L|XL|2XL|3XL ,Black|White|Cocao,casual|leisure,,,"MED GIRLY| TENUE DE VILLE Custom, comfort, refined style. The signature TDEV delivers a distinctive look that works seamlessly from casual outings to layered ensembles. Perfect for building a versatile wardrobe foundation or making a personal statement through wearable art.",,,,,,,,,,,,,,
MED Girly Tee,MED Girly-tee,,TDEV | TENUE DE VILLE,100% Cotton,0.2,30,,,,,T-Shirts,XS|S|M|L|XL|2XL|3XL ,Black|White|Cocao,casual|leisure,,,"MED GIRLY| TENUE DE VILLE Custom, comfort, refined style. The signature TDEV delivers a distinctive look that works seamlessly from casual outings to layered ensembles. Perfect for building a versatile wardrobe foundation or making a personal statement through wearable art.",,,,,,,,,,,,,,
MED Girly Tee,MED Girly-tee,,TDEV | TENUE DE VILLE,100% Cotton,0.2,30,,,,,T-Shirts,XS|S|M|L|XL|2XL|3XL ,Black|White|Cocao,casual|leisure,,,"MED GIRLY| TENUE DE VILLE Custom, comfort, refined style. The signature TDEV delivers a distinctive look that works seamlessly from casual outings to layered ensembles. Perfect for building a versatile wardrobe foundation or making a personal statement through wearable art.",,,,,,,,,,,,,,
MED Girly Tee,MED Girly-tee,,TDEV | TENUE DE VILLE,100% Cotton,0.2,30,,,,,T-Shirts,XS|S|M|L|XL|2XL|3XL ,Black|White|Cocao,casual|leisure,,,"MED GIRLY| TENUE DE VILLE Custom, comfort, refined style. The signature TDEV delivers a distinctive look that works seamlessly from casual outings to layered ensembles. Perfect for building a versatile wardrobe foundation or making a personal statement through wearable art.",,,,,,,,,,,,,,
MED Girly Tee,MED Girly-tee,,TDEV | TENUE DE VILLE,100% Cotton,0.2,30,,,,,T-Shirts,XS|S|M|L|XL|2XL|3XL ,Black|White|Cocao,casual|leisure,,,"MED GIRLY| TENUE DE VILLE Custom, comfort, refined style. The signature TDEV delivers a distinctive look that works seamlessly from casual outings to layered ensembles. Perfect for building a versatile wardrobe foundation or making a personal statement through wearable art.",,,,,,,,,,,,,,
MED Girly Tee,MED Girly-tee,,TDEV | TENUE DE VILLE,100% Cotton,0.2,30,,,,,T-Shirts,XS|S|M|L|XL|2XL|3XL ,Black|White|Cocao,casual|leisure,,,"MED GIRLY| TENUE DE VILLE Custom, comfort, refined style. The signature TDEV delivers a distinctive look that works seamlessly from casual outings to layered ensembles. Perfect for building a versatile wardrobe foundation or making a personal statement through wearable art.",,,,,,,,,,,,,,
MED Girly Tee,MED Girly-tee,,TDEV | TENUE DE VILLE,100% Cotton,0.2,30,,,,,T-Shirts,XS|S|M|L|XL|2XL|3XL ,Black|White|Cocao,casual|leisure,,,"MED GIRLY| TENUE DE VILLE Custom, comfort, refined style. The signature TDEV delivers a distinctive look that works seamlessly from casual outings to layered ensembles. Perfect for building a versatile wardrobe foundation or making a personal statement through wearable art.",,,,,,,,,,,,,,
MED Girly Tee,MED Girly-tee,,TDEV | TENUE DE VILLE,100% Cotton,0.2,30,,,,,T-Shirts,XS|S|M|L|XL|2XL|3XL ,Black|White|Cocao,casual|leisure,,,"MED GIRLY| TENUE DE VILLE Custom, comfort, refined style. The signature TDEV delivers a distinctive look that works seamlessly from casual outings to layered ensembles. Perfect for building a versatile wardrobe foundation or making a personal statement through wearable art.",,,,,,,,,,,,,,
MED Girly Tee,MED Girly-tee,,TDEV | TENUE DE VILLE,100% Cotton,0.2,30,,,,,T-Shirts,XS|S|M|L|XL|2XL|3XL ,Black|White|Cocao,casual|leisure,,,"MED GIRLY| TENUE DE VILLE Custom, comfort, refined style. The signature TDEV delivers a distinctive look that works seamlessly from casual outings to layered ensembles. Perfect for building a versatile wardrobe foundation or making a personal statement through wearable art.",,,,,,,,,,,,,,
MED Girly Tee,MED Girly-tee,,TDEV | TENUE DE VILLE,100% Cotton,0.2,30,,,,,T-Shirts,XS|S|M|L|XL|2XL|3XL ,Black|White|Cocao,casual|leisure,,,"MED GIRLY| TENUE DE VILLE Custom, comfort, refined style. The signature TDEV delivers a distinctive look that works seamlessly from casual outings to layered ensembles. Perfect for building a versatile wardrobe foundation or making a personal statement through wearable art.",,,,,,,,,,,,,,
MED Girly Tee,MED Girly-tee,,TDEV | TENUE DE VILLE,100% Cotton,0.2,30,,,,,T-Shirts,XS|S|M|L|XL|2XL|3XL ,Black|White|Cocao,casual|leisure,,,"MED GIRLY| TENUE DE VILLE Custom, comfort, refined style. The signature TDEV delivers a distinctive look that works seamlessly from casual outings to layered ensembles. Perfect for building a versatile wardrobe foundation or making a personal statement through wearable art.",,,,,,,,,,,,,,
MED Girly Tee,MED Girly-tee,,TDEV | TENUE DE VILLE,100% Cotton,0.2,30,,,,,T-Shirts,XS|S|M|L|XL|2XL|3XL ,Black|White|Cocao,casual|leisure,,,"MED GIRLY| TENUE DE VILLE Custom, comfort, refined style. The signature TDEV delivers a distinctive look that works seamlessly from casual outings to layered ensembles. Perfect for building a versatile wardrobe foundation or making a personal statement through wearable art.",,,,,,,,,,,,,,
MED Girly Tee,MED Girly-tee,,TDEV | TENUE DE VILLE,100% Cotton,0.2,30,,,,,T-Shirts,XS|S|M|L|XL|2XL|3XL ,Black|White|Cocao,casual|leisure,,,"MED GIRLY| TENUE DE VILLE Custom, comfort, refined style. The signature TDEV delivers a distinctive look that works seamlessly from casual outings to layered ensembles. Perfect for building a versatile wardrobe foundation or making a personal statement through wearable art.",,,,,,,,,,,,,,
MED Girly Tee,MED Girly-tee,,TDEV | TENUE DE VILLE,100% Cotton,0.2,30,,,,,T-Shirts,XS|S|M|L|XL|2XL|3XL ,Black|White|Cocao,casual|leisure,,,"MED GIRLY| TENUE DE VILLE Custom, comfort, refined style. The signature TDEV delivers a distinctive look that works seamlessly from casual outings to layered ensembles. Perfect for building a versatile wardrobe foundation or making a personal statement through wearable art.",,,,,,,,,,,,,,
MED Girly Tee,MED Girly-tee,,TDEV | TENUE DE VILLE,100% Cotton,0.2,30,,,,,T-Shirts,XS|S|M|L|XL|2XL|3XL ,Black|White|Cocao,casual|leisure,,,"MED GIRLY| TENUE DE VILLE Custom, comfort, refined style. The signature TDEV delivers a distinctive look that works seamlessly from casual outings to layered ensembles. Perfect for building a versatile wardrobe foundation or making a personal statement through wearable art.",,,,,,,,,,,,,,
MED Girly Tee,MED Girly-tee,,TDEV | TENUE DE VILLE,100% Cotton,0.2,30,,,,,T-Shirts,XS|S|M|L|XL|2XL|3XL ,Black|White|Cocao,casual|leisure,,,"MED GIRLY| TENUE DE VILLE Custom, comfort, refined style. The signature TDEV delivers a distinctive look that works seamlessly from casual outings to layered ensembles. Perfect for building a versatile wardrobe foundation or making a personal statement through wearable art.",,,,,,,,,,,,,,
MED Girly Tee,MED Girly-tee,,TDEV | TENUE DE VILLE,100% Cotton,0.2,30,,,,,T-Shirts,XS|S|M|L|XL|2XL|3XL ,Black|White|Cocao,casual|leisure,,,"MED GIRLY| TENUE DE VILLE Custom, comfort, refined style. The signature TDEV delivers a distinctive look that works seamlessly from casual outings to layered ensembles. Perfect for building a versatile wardrobe foundation or making a personal statement through wearable art.",,,,,,,,,,,,,,
MED Girly Tee,MED Girly-tee,,TDEV | TENUE DE VILLE,100% Cotton,0.2,30,,,,,T-Shirts,XS|S|M|L|XL|2XL|3XL ,Black|White|Cocao,casual|leisure,,,"MED GIRLY| TENUE DE VILLE Custom, comfort, refined style. The signature TDEV delivers a distinctive look that works seamlessly from casual outings to layered ensembles. Perfect for building a versatile wardrobe foundation or making a personal statement through wearable art.",,,,,,,,,,,,,,
Posh Girly Tee,Posh Girly-tee,,TDEV | TENUE DE VILLE,100% Cotton,0.2,30,,,,,T-Shirts,XS|S|M|L|XL|2XL|3XL ,Black|White|Cocao,casual|leisure,,,"POSH GIRLY| TENUE DE VILLE Custom, comfort, refined style. The signature TDEV delivers a distinctive look that works seamlessly from casual outings to layered ensembles. Perfect for building a versatile wardrobe foundation or making a personal statement through wearable art.",,,,,,,,,,,,,,
Posh Girly Tee,Posh Girly-tee,,TDEV | TENUE DE VILLE,100% Cotton,0.2,30,,,,,T-Shirts,XS|S|M|L|XL|2XL|3XL ,Black|White|Cocao,casual|leisure,,,"POSH GIRLY| TENUE DE VILLE Custom, comfort, refined style. The signature TDEV delivers a distinctive look that works seamlessly from casual outings to layered ensembles. Perfect for building a versatile wardrobe foundation or making a personal statement through wearable art.",,,,,,,,,,,,,,
Posh Girly Tee,Posh Girly-tee,,TDEV | TENUE DE VILLE,100% Cotton,0.2,30,,,,,T-Shirts,XS|S|M|L|XL|2XL|3XL ,Black|White|Cocao,casual|leisure,,,"POSH GIRLY| TENUE DE VILLE Custom, comfort, refined style. The signature TDEV delivers a distinctive look that works seamlessly from casual outings to layered ensembles. Perfect for building a versatile wardrobe foundation or making a personal statement through wearable art.",,,,,,,,,,,,,,
Posh Girly Tee,Posh Girly-tee,,TDEV | TENUE DE VILLE,100% Cotton,0.2,30,,,,,T-Shirts,XS|S|M|L|XL|2XL|3XL ,Black|White|Cocao,casual|leisure,,,"POSH GIRLY| TENUE DE VILLE Custom, comfort, refined style. The signature TDEV delivers a distinctive look that works seamlessly from casual outings to layered ensembles. Perfect for building a versatile wardrobe foundation or making a personal statement through wearable art.",,,,,,,,,,,,,,
Posh Girly Tee,Posh Girly-tee,,TDEV | TENUE DE VILLE,100% Cotton,0.2,30,,,,,T-Shirts,XS|S|M|L|XL|2XL|3XL ,Black|White|Cocao,casual|leisure,,,"POSH GIRLY| TENUE DE VILLE Custom, comfort, refined style. The signature TDEV delivers a distinctive look that works seamlessly from casual outings to layered ensembles. Perfect for building a versatile wardrobe foundation or making a personal statement through wearable art.",,,,,,,,,,,,,,
Posh Girly Tee,Posh Girly-tee,,TDEV | TENUE DE VILLE,100% Cotton,0.2,30,,,,,T-Shirts,XS|S|M|L|XL|2XL|3XL ,Black|White|Cocao,casual|leisure,,,"POSH GIRLY| TENUE DE VILLE Custom, comfort, refined style. The signature TDEV delivers a distinctive look that works seamlessly from casual outings to layered ensembles. Perfect for building a versatile wardrobe foundation or making a personal statement through wearable art.",,,,,,,,,,,,,,
Social Girly Tee,Social Girly-tee,,TDEV | TENUE DE VILLE,100% Cotton,0.2,30,,,,,T-Shirts,XS|S|M|L|XL|2XL|3XL ,Black|White|Cocao,casual|leisure,,,"SOCIAL GIRLY| TENUE DE VILLE Custom, comfort, refined style. The signature TDEV delivers a distinctive look that works seamlessly from casual outings to layered ensembles. Perfect for building a versatile wardrobe foundation or making a personal statement through wearable art.",,,,,,,,,,,,,,
Social Girly Tee,Social Girly-tee,,TDEV | TENUE DE VILLE,100% Cotton,0.2,30,,,,,T-Shirts,XS|S|M|L|XL|2XL|3XL ,Black|White|Cocao,casual|leisure,,,"SOCIAL GIRLY| TENUE DE VILLE Custom, comfort, refined style. The signature TDEV delivers a distinctive look that works seamlessly from casual outings to layered ensembles. Perfect for building a versatile wardrobe foundation or making a personal statement through wearable art.",,,,,,,,,,,,,,
Social Girly Tee,Social Girly-tee,,TDEV | TENUE DE VILLE,100% Cotton,0.2,30,,,,,T-Shirts,XS|S|M|L|XL|2XL|3XL ,Black|White|Cocao,casual|leisure,,,"SOCIAL GIRLY| TENUE DE VILLE Custom, comfort, refined style. The signature TDEV delivers a distinctive look that works seamlessly from casual outings to layered ensembles. Perfect for building a versatile wardrobe foundation or making a personal statement through wearable art.",,,,,,,,,,,,,,
Social Girly Tee,Social Girly-tee,,TDEV | TENUE DE VILLE,100% Cotton,0.2,30,,,,,T-Shirts,XS|S|M|L|XL|2XL|3XL ,Black|White|Cocao,casual|leisure,,,"SOCIAL GIRLY| TENUE DE VILLE Custom, comfort, refined style. The signature TDEV delivers a distinctive look that works seamlessly from casual outings to layered ensembles. Perfect for building a versatile wardrobe foundation or making a personal statement through wearable art.",,,,,,,,,,,,,,
Social Girly Tee,Social Girly-tee,,TDEV | TENUE DE VILLE,100% Cotton,0.2,30,,,,,T-Shirts,XS|S|M|L|XL|2XL|3XL ,Black|White|Cocao,casual|leisure,,,"SOCIAL GIRLY| TENUE DE VILLE Custom, comfort, refined style. The signature TDEV delivers a distinctive look that works seamlessly from casual outings to layered ensembles. Perfect for building a versatile wardrobe foundation or making a personal statement through wearable art.",,,,,,,,,,,,,,
Social Girly Tee,Social Girly-tee,,TDEV | TENUE DE VILLE,100% Cotton,0.2,30,,,,,T-Shirts,XS|S|M|L|XL|2XL|3XL ,Black|White|Cocao,casual|leisure,,,"SOCIAL GIRLY| TENUE DE VILLE Custom, comfort, refined style. The signature TDEV delivers a distinctive look that works seamlessly from casual outings to layered ensembles. Perfect for building a versatile wardrobe foundation or making a personal statement through wearable art.",,,,,,,,,,,,,,
Social Girly Tee,Social Girly-tee,,TDEV | TENUE DE VILLE,100% Cotton,0.2,30,,,,,T-Shirts,XS|S|M|L|XL|2XL|3XL ,Black|White|Cocao,casual|leisure,,,"SOCIAL GIRLY| TENUE DE VILLE Custom, comfort, refined style. The signature TDEV delivers a distinctive look that works seamlessly from casual outings to layered ensembles. Perfect for building a versatile wardrobe foundation or making a personal statement through wearable art.",,,,,,,,,,,,,,
Social Girly Tee,Social Girly-tee,,TDEV | TENUE DE VILLE,100% Cotton,0.2,30,,,,,T-Shirts,XS|S|M|L|XL|2XL|3XL ,Black|White|Cocao,casual|leisure,,,"SOCIAL GIRLY| TENUE DE VILLE Custom, comfort, refined style. The signature TDEV delivers a distinctive look that works seamlessly from casual outings to layered ensembles. Perfect for building a versatile wardrobe foundation or making a personal statement through wearable art.",,,,,,,,,,,,,,
Social Girly Tee,Social Girly-tee,,TDEV | TENUE DE VILLE,100% Cotton,0.2,30,,,,,T-Shirts,XS|S|M|L|XL|2XL|3XL ,Black|White|Cocao,casual|leisure,,,"SOCIAL GIRLY| TENUE DE VILLE Custom, comfort, refined style. The signature TDEV delivers a distinctive look that works seamlessly from casual outings to layered ensembles. Perfect for building a versatile wardrobe foundation or making a personal statement through wearable art.",,,,,,,,,,,,,,
Sports Girly Tee,Sports Girly-tee,,TDEV | TENUE DE VILLE,100% Cotton,0.2,30,,,,,T-Shirts,XS|S|M|L|XL|2XL|3XL ,Black|White|Cocao,casual|leisure,,,"SPORTS GIRLY| TENUE DE VILLE Custom, comfort, refined style. The signature TDEV delivers a distinctive look that works seamlessly from casual outings to layered ensembles. Perfect for building a versatile wardrobe foundation or making a personal statement through wearable art.",,,,,,,,,,,,,,
Sports Girly Tee,Sports Girly-tee,,TDEV | TENUE DE VILLE,100% Cotton,0.2,30,,,,,T-Shirts,XS|S|M|L|XL|2XL|3XL ,Black|White|Cocao,casual|leisure,,,"SPORTS GIRLY| TENUE DE VILLE Custom, comfort, refined style. The signature TDEV delivers a distinctive look that works seamlessly from casual outings to layered ensembles. Perfect for building a versatile wardrobe foundation or making a personal statement through wearable art.",,,,,,,,,,,,,,
Sports Girly Tee,Sports Girly-tee,,TDEV | TENUE DE VILLE,100% Cotton,0.2,30,,,,,T-Shirts,XS|S|M|L|XL|2XL|3XL ,Black|White|Cocao,casual|leisure,,,"SPORTS GIRLY| TENUE DE VILLE Custom, comfort, refined style. The signature TDEV delivers a distinctive look that works seamlessly from casual outings to layered ensembles. Perfect for building a versatile wardrobe foundation or making a personal statement through wearable art.",,,,,,,,,,,,,,
Sports Girly Tee,Sports Girly-tee,,TDEV | TENUE DE VILLE,100% Cotton,0.2,30,,,,,T-Shirts,XS|S|M|L|XL|2XL|3XL ,Black|White|Cocao,casual|leisure,,,"SPORTS GIRLY| TENUE DE VILLE Custom, comfort, refined style. The signature TDEV delivers a distinctive look that works seamlessly from casual outings to layered ensembles. Perfect for building a versatile wardrobe foundation or making a personal statement through wearable art.",,,,,,,,,,,,,,
Sports Girly Tee,Sports Girly-tee,,TDEV | TENUE DE VILLE,100% Cotton,0.2,30,,,,,T-Shirts,XS|S|M|L|XL|2XL|3XL ,Black|White|Cocao,casual|leisure,,,"SPORTS GIRLY| TENUE DE VILLE Custom, comfort, refined style. The signature TDEV delivers a distinctive look that works seamlessly from casual outings to layered ensembles. Perfect for building a versatile wardrobe foundation or making a personal statement through wearable art.",,,,,,,,,,,,,,
Sports Girly Tee,Sports Girly-tee,,TDEV | TENUE DE VILLE,100% Cotton,0.2,30,,,,,T-Shirts,XS|S|M|L|XL|2XL|3XL ,Black|White|Cocao,casual|leisure,,,"SPORTS GIRLY| TENUE DE VILLE Custom, comfort, refined style. The signature TDEV delivers a distinctive look that works seamlessly from casual outings to layered ensembles. Perfect for building a versatile wardrobe foundation or making a personal statement through wearable art.",,,,,,,,,,,,,,
Sports Girly Tee,Sports Girly-tee,,TDEV | TENUE DE VILLE,100% Cotton,0.2,30,,,,,T-Shirts,XS|S|M|L|XL|2XL|3XL ,Black|White|Cocao,casual|leisure,,,"SPORTS GIRLY| TENUE DE VILLE Custom, comfort, refined style. The signature TDEV delivers a distinctive look that works seamlessly from casual outings to layered ensembles. Perfect for building a versatile wardrobe foundation or making a personal statement through wearable art.",,,,,,,,,,,,,,
Sports Girly Tee,Sports Girly-tee,,TDEV | TENUE DE VILLE,100% Cotton,0.2,30,,,,,T-Shirts,XS|S|M|L|XL|2XL|3XL ,Black|White|Cocao,casual|leisure,,,"SPORTS GIRLY| TENUE DE VILLE Custom, comfort, refined style. The signature TDEV delivers a distinctive look that works seamlessly from casual outings to layered ensembles. Perfect for building a versatile wardrobe foundation or making a personal statement through wearable art.",,,,,,,,,,,,,,
Sports Girly Tee,Sports Girly-tee,,TDEV | TENUE DE VILLE,100% Cotton,0.2,30,,,,,T-Shirts,XS|S|M|L|XL|2XL|3XL ,Black|White|Cocao,casual|leisure,,,"SPORTS GIRLY| TENUE DE VILLE Custom, comfort, refined style. The signature TDEV delivers a distinctive look that works seamlessly from casual outings to layered ensembles. Perfect for building a versatile wardrobe foundation or making a personal statement through wearable art.",,,,,,,,,,,,,,
Sports Girly Tee,Sports Girly-tee,,TDEV | TENUE DE VILLE,100% Cotton,0.2,30,,,,,T-Shirts,XS|S|M|L|XL|2XL|3XL ,Black|White|Cocao,casual|leisure,,,"SPORTS GIRLY| TENUE DE VILLE Custom, comfort, refined style. The signature TDEV delivers a distinctive look that works seamlessly from casual outings to layered ensembles. Perfect for building a versatile wardrobe foundation or making a personal statement through wearable art.",,,,,,,,,,,,,,
Sports Girly Tee,Sports Girly-tee,,TDEV | TENUE DE VILLE,100% Cotton,0.2,30,,,,,T-Shirts,XS|S|M|L|XL|2XL|3XL ,Black|White|Cocao,casual|leisure,,,"SPORTS GIRLY| TENUE DE VILLE Custom, comfort, refined style. The signature TDEV delivers a distinctive look that works seamlessly from casual outings to layered ensembles. Perfect for building a versatile wardrobe foundation or making a personal statement through wearable art.",,,,,,,,,,,,,,
Sports Girly Tee,Sports Girly-tee,,TDEV | TENUE DE VILLE,100% Cotton,0.2,30,,,,,T-Shirts,XS|S|M|L|XL|2XL|3XL ,Black|White|Cocao,casual|leisure,,,"SPORTS GIRLY| TENUE DE VILLE Custom, comfort, refined style. The signature TDEV delivers a distinctive look that works seamlessly from casual outings to layered ensembles. Perfect for building a versatile wardrobe foundation or making a personal statement through wearable art.",,,,,,,,,,,,,,
Sports Girly Tee,Sports Girly-tee,,TDEV | TENUE DE VILLE,100% Cotton,0.2,30,,,,,T-Shirts,XS|S|M|L|XL|2XL|3XL ,Black|White|Cocao,casual|leisure,,,"SPORTS GIRLY| TENUE DE VILLE Custom, comfort, refined style. The signature TDEV delivers a distinctive look that works seamlessly from casual outings to layered ensembles. Perfect for building a versatile wardrobe foundation or making a personal statement through wearable art.",,,,,,,,,,,,,,
Sports Girly Tee,Sports Girly-tee,,TDEV | TENUE DE VILLE,100% Cotton,0.2,30,,,,,T-Shirts,XS|S|M|L|XL|2XL|3XL ,Black|White|Cocao,casual|leisure,,,"SPORTS GIRLY| TENUE DE VILLE Custom, comfort, refined style. The signature TDEV delivers a distinctive look that works seamlessly from casual outings to layered ensembles. Perfect for building a versatile wardrobe foundation or making a personal statement through wearable art.",,,,,,,,,,,,,,
Sports Girly Tee,Sports Girly-tee,,TDEV | TENUE DE VILLE,100% Cotton,0.2,30,,,,,T-Shirts,XS|S|M|L|XL|2XL|3XL ,Black|White|Cocao,casual|leisure,,,"SPORTS GIRLY| TENUE DE VILLE Custom, comfort, refined style. The signature TDEV delivers a distinctive look that works seamlessly from casual outings to layered ensembles. Perfect for building a versatile wardrobe foundation or making a personal statement through wearable art.",,,,,,,,,,,,,,
Statement Tee,Statement-tee,,TDEV | TENUE DE VILLE,100% Cotton,0.2,30,,,,,T-Shirts,XS|S|M|L|XL|2XL|3XL ,Black|White|Cocao,casual|leisure,,,"STATEMENT GIRLY| TENUE DE VILLE Custom, comfort, refined style. The signature TDEV delivers a distinctive look that works seamlessly from casual outings to layered ensembles. Perfect for building a versatile wardrobe foundation or making a personal statement through wearable art.",,,,,,,,,,,,,,
Statement Tee,Statement-tee,,TDEV | TENUE DE VILLE,100% Cotton,0.2,30,,,,,T-Shirts,XS|S|M|L|XL|2XL|3XL ,Black|White|Cocao,casual|leisure,,,"STATEMENT GIRLY| TENUE DE VILLE Custom, comfort, refined style. The signature TDEV delivers a distinctive look that works seamlessly from casual outings to layered ensembles. Perfect for building a versatile wardrobe foundation or making a personal statement through wearable art.",,,,,,,,,,,,,,
Statement Tee,Statement-tee,,TDEV | TENUE DE VILLE,100% Cotton,0.2,30,,,,,T-Shirts,XS|S|M|L|XL|2XL|3XL ,Black|White|Cocao,casual|leisure,,,"STATEMENT GIRLY| TENUE DE VILLE Custom, comfort, refined style. The signature TDEV delivers a distinctive look that works seamlessly from casual outings to layered ensembles. Perfect for building a versatile wardrobe foundation or making a personal statement through wearable art.",,,,,,,,,,,,,,
Statement Tee,Statement-tee,,TDEV | TENUE DE VILLE,100% Cotton,0.2,30,,,,,T-Shirts,XS|S|M|L|XL|2XL|3XL ,Black|White|Cocao,casual|leisure,,,"STATEMENT GIRLY| TENUE DE VILLE Custom, comfort, refined style. The signature TDEV delivers a distinctive look that works seamlessly from casual outings to layered ensembles. Perfect for building a versatile wardrobe foundation or making a personal statement through wearable art.",,,,,,,,,,,,,,
Statement Tee,Statement-tee,,TDEV | TENUE DE VILLE,100% Cotton,0.2,30,,,,,T-Shirts,XS|S|M|L|XL|2XL|3XL ,Black|White|Cocao,casual|leisure,,,"STATEMENT GIRLY| TENUE DE VILLE Custom, comfort, refined style. The signature TDEV delivers a distinctive look that works seamlessly from casual outings to layered ensembles. Perfect for building a versatile wardrobe foundation or making a personal statement through wearable art.",,,,,,,,,,,,,,
Statement Tee,Statement-tee,,TDEV | TENUE DE VILLE,100% Cotton,0.2,30,,,,,T-Shirts,XS|S|M|L|XL|2XL|3XL ,Black|White|Cocao,casual|leisure,,,"STATEMENT GIRLY| TENUE DE VILLE Custom, comfort, refined style. The signature TDEV delivers a distinctive look that works seamlessly from casual outings to layered ensembles. Perfect for building a versatile wardrobe foundation or making a personal statement through wearable art.",,,,,,,,,,,,,,
Statement Tee,Statement-tee,,TDEV | TENUE DE VILLE,100% Cotton,0.2,30,,,,,T-Shirts,XS|S|M|L|XL|2XL|3XL ,Black|White|Cocao,casual|leisure,,,"STATEMENT GIRLY| TENUE DE VILLE Custom, comfort, refined style. The signature TDEV delivers a distinctive look that works seamlessly from casual outings to layered ensembles. Perfect for building a versatile wardrobe foundation or making a personal statement through wearable art.",,,,,,,,,,,,,,
Statement Tee,Statement-tee,,TDEV | TENUE DE VILLE,100% Cotton,0.2,30,,,,,T-Shirts,XS|S|M|L|XL|2XL|3XL ,Black|White|Cocao,casual|leisure,,,"STATEMENT GIRLY| TENUE DE VILLE Custom, comfort, refined style. The signature TDEV delivers a distinctive look that works seamlessly from casual outings to layered ensembles. Perfect for building a versatile wardrobe foundation or making a personal statement through wearable art.",,,,,,,,,,,,,,
Statement Tee,Statement-tee,,TDEV | TENUE DE VILLE,100% Cotton,0.2,30,,,,,T-Shirts,XS|S|M|L|XL|2XL|3XL ,Black|White|Cocao,casual|leisure,,,"STATEMENT GIRLY| TENUE DE VILLE Custom, comfort, refined style. The signature TDEV delivers a distinctive look that works seamlessly from casual outings to layered ensembles. Perfect for building a versatile wardrobe foundation or making a personal statement through wearable art.",,,,,,,,,,,,,,
Statement Tee,Statement-tee,,TDEV | TENUE DE VILLE,100% Cotton,0.2,30,,,,,T-Shirts,XS|S|M|L|XL|2XL|3XL ,Black|White|Cocao,casual|leisure,,,"STATEMENT GIRLY| TENUE DE VILLE Custom, comfort, refined style. The signature TDEV delivers a distinctive look that works seamlessly from casual outings to layered ensembles. Perfect for building a versatile wardrobe foundation or making a personal statement through wearable art.",,,,,,,,,,,,,,
Statement Tee,Statement-tee,,TDEV | TENUE DE VILLE,100% Cotton,0.2,30,,,,,T-Shirts,XS|S|M|L|XL|2XL|3XL ,Black|White|Cocao,casual|leisure,,,"STATEMENT GIRLY| TENUE DE VILLE Custom, comfort, refined style. The signature TDEV delivers a distinctive look that works seamlessly from casual outings to layered ensembles. Perfect for building a versatile wardrobe foundation or making a personal statement through wearable art.",,,,,,,,,,,,,,
Statement Tee,Statement-tee,,TDEV | TENUE DE VILLE,100% Cotton,0.2,30,,,,,T-Shirts,XS|S|M|L|XL|2XL|3XL ,Black|White|Cocao,casual|leisure,,,"STATEMENT GIRLY| TENUE DE VILLE Custom, comfort, refined style. The signature TDEV delivers a distinctive look that works seamlessly from casual outings to layered ensembles. Perfect for building a versatile wardrobe foundation or making a personal statement through wearable art.",,,,,,,,,,,,,,
Statement Tee,Statement-tee,,TDEV | TENUE DE VILLE,100% Cotton,0.2,30,,,,,T-Shirts,XS|S|M|L|XL|2XL|3XL ,Black|White|Cocao,casual|leisure,,,"STATEMENT GIRLY| TENUE DE VILLE Custom, comfort, refined style. The signature TDEV delivers a distinctive look that works seamlessly from casual outings to layered ensembles. Perfect for building a versatile wardrobe foundation or making a personal statement through wearable art.",,,,,,,,,,,,,,
Statement Tee,Statement-tee,,TDEV | TENUE DE VILLE,100% Cotton,0.2,30,,,,,T-Shirts,XS|S|M|L|XL|2XL|3XL ,Black|White|Cocao,casual|leisure,,,"STATEMENT GIRLY| TENUE DE VILLE Custom, comfort, refined style. The signature TDEV delivers a distinctive look that works seamlessly from casual outings to layered ensembles. Perfect for building a versatile wardrobe foundation or making a personal statement through wearable art.",,,,,,,,,,,,,,
Surf Tee,Surf-tee,,TDEV | TENUE DE VILLE,100% Cotton,0.2,30,,,,,T-Shirts,XS|S|M|L|XL|2XL|3XL ,Black|White|Cocao,casual|leisure,,,"SURF GIRLY| TENUE DE VILLE Custom, comfort, refined style. The signature TDEV delivers a distinctive look that works seamlessly from casual outings to layered ensembles. Perfect for building a versatile wardrobe foundation or making a personal statement through wearable art.",,,,,,,,,,,,,,
Surf Tee,Surf-tee,,TDEV | TENUE DE VILLE,100% Cotton,0.2,30,,,,,T-Shirts,XS|S|M|L|XL|2XL|3XL ,Black|White|Cocao,casual|leisure,,,"SURF GIRLY| TENUE DE VILLE Custom, comfort, refined style. The signature TDEV delivers a distinctive look that works seamlessly from casual outings to layered ensembles. Perfect for building a versatile wardrobe foundation or making a personal statement through wearable art.",,,,,,,,,,,,,,
Surf Tee,Surf-tee,,TDEV | TENUE DE VILLE,100% Cotton,0.2,30,,,,,T-Shirts,XS|S|M|L|XL|2XL|3XL ,Black|White|Cocao,casual|leisure,,,"SURF GIRLY| TENUE DE VILLE Custom, comfort, refined style. The signature TDEV delivers a distinctive look that works seamlessly from casual outings to layered ensembles. Perfect for building a versatile wardrobe foundation or making a personal statement through wearable art.",,,,,,,,,,,,,,
Surf Tee,Surf-tee,,TDEV | TENUE DE VILLE,100% Cotton,0.2,30,,,,,T-Shirts,XS|S|M|L|XL|2XL|3XL ,Black|White|Cocao,casual|leisure,,,"SURF GIRLY| TENUE DE VILLE Custom, comfort, refined style. The signature TDEV delivers a distinctive look that works seamlessly from casual outings to layered ensembles. Perfect for building a versatile wardrobe foundation or making a personal statement through wearable art.",,,,,,,,,,,,,,
Surf Tee,Surf-tee,,TDEV | TENUE DE VILLE,100% Cotton,0.2,30,,,,,T-Shirts,XS|S|M|L|XL|2XL|3XL ,Black|White|Cocao,casual|leisure,,,"SURF GIRLY| TENUE DE VILLE Custom, comfort, refined style. The signature TDEV delivers a distinctive look that works seamlessly from casual outings to layered ensembles. Perfect for building a versatile wardrobe foundation or making a personal statement through wearable art.",,,,,,,,,,,,,,
Surf Tee,Surf-tee,,TDEV | TENUE DE VILLE,100% Cotton,0.2,30,,,,,T-Shirts,XS|S|M|L|XL|2XL|3XL ,Black|White|Cocao,casual|leisure,,,"SURF GIRLY| TENUE DE VILLE Custom, comfort, refined style. The signature TDEV delivers a distinctive look that works seamlessly from casual outings to layered ensembles. Perfect for building a versatile wardrobe foundation or making a personal statement through wearable art.",,,,,,,,,,,,,,
Tech Tee,Tech-tee,,TDEV | TENUE DE VILLE,100% Cotton,0.2,30,,,,,T-Shirts,XS|S|M|L|XL|2XL|3XL ,Black|White|Cocao,casual|leisure,,,"TECH GIRLY| TENUE DE VILLE Custom, comfort, refined style. The signature TDEV delivers a distinctive look that works seamlessly from casual outings to layered ensembles. Perfect for building a versatile wardrobe foundation or making a personal statement through wearable art.",,,,,,,,,,,,,,
Tech Tee,Tech-tee,,TDEV | TENUE DE VILLE,100% Cotton,0.2,30,,,,,T-Shirts,XS|S|M|L|XL|2XL|3XL ,Black|White|Cocao,casual|leisure,,,"TECH GIRLY| TENUE DE VILLE Custom, comfort, refined style. The signature TDEV delivers a distinctive look that works seamlessly from casual outings to layered ensembles. Perfect for building a versatile wardrobe foundation or making a personal statement through wearable art.",,,,,,,,,,,,,,
Tech Tee,Tech-tee,,TDEV | TENUE DE VILLE,100% Cotton,0.2,30,,,,,T-Shirts,XS|S|M|L|XL|2XL|3XL ,Black|White|Cocao,casual|leisure,,,"TECH GIRLY| TENUE DE VILLE Custom, comfort, refined style. The signature TDEV delivers a distinctive look that works seamlessly from casual outings to layered ensembles. Perfect for building a versatile wardrobe foundation or making a personal statement through wearable art.",,,,,,,,,,,,,,
Traveled Girly Tee,Traveled Girly-tee,,TDEV | TENUE DE VILLE,100% Cotton,0.2,30,,,,,T-Shirts,XS|S|M|L|XL|2XL|3XL ,Black|White|Cocao,casual|leisure,,,"TRAVELED GIRLY| TENUE DE VILLE Custom, comfort, refined style. The signature TDEV delivers a distinctive look that works seamlessly from casual outings to layered ensembles. Perfect for building a versatile wardrobe foundation or making a personal statement through wearable art.",,,,,,,,,,,,,,
Traveled Girly Tee,Traveled Girly-tee,,TDEV | TENUE DE VILLE,100% Cotton,0.2,30,,,,,T-Shirts,XS|S|M|L|XL|2XL|3XL ,Black|White|Cocao,casual|leisure,,,"TRAVELED GIRLY| TENUE DE VILLE Custom, comfort, refined style. The signature TDEV delivers a distinctive look that works seamlessly from casual outings to layered ensembles. Perfect for building a versatile wardrobe foundation or making a personal statement through wearable art.",,,,,,,,,,,,,,
Traveled Girly Tee,Traveled Girly-tee,,TDEV | TENUE DE VILLE,100% Cotton,0.2,30,,,,,T-Shirts,XS|S|M|L|XL|2XL|3XL ,Black|White|Cocao,casual|leisure,,,"TRAVELED GIRLY| TENUE DE VILLE Custom, comfort, refined style. The signature TDEV delivers a distinctive look that works seamlessly from casual outings to layered ensembles. Perfect for building a versatile wardrobe foundation or making a personal statement through wearable art.",,,,,,,,,,,,,,
Traveled Girly Tee,Traveled Girly-tee,,TDEV | TENUE DE VILLE,100% Cotton,0.2,30,,,,,T-Shirts,XS|S|M|L|XL|2XL|3XL ,Black|White|Cocao,casual|leisure,,,"TRAVELED GIRLY| TENUE DE VILLE Custom, comfort, refined style. The signature TDEV delivers a distinctive look that works seamlessly from casual outings to layered ensembles. Perfect for building a versatile wardrobe foundation or making a personal statement through wearable art.",,,,,,,,,,,,,,
Traveled Girly Tee,Traveled Girly-tee,,TDEV | TENUE DE VILLE,100% Cotton,0.2,30,,,,,T-Shirts,XS|S|M|L|XL|2XL|3XL ,Black|White|Cocao,casual|leisure,,,"TRAVELED GIRLY| TENUE DE VILLE Custom, comfort, refined style. The signature TDEV delivers a distinctive look that works seamlessly from casual outings to layered ensembles. Perfect for building a versatile wardrobe foundation or making a personal statement through wearable art.",,,,,,,,,,,,,,
Traveled Girly Tee,Traveled Girly-tee,,TDEV | TENUE DE VILLE,100% Cotton,0.2,30,,,,,T-Shirts,XS|S|M|L|XL|2XL|3XL ,Black|White|Cocao,casual|leisure,,,"TRAVELED GIRLY| TENUE DE VILLE Custom, comfort, refined style. The signature TDEV delivers a distinctive look that works seamlessly from casual outings to layered ensembles. Perfect for building a versatile wardrobe foundation or making a personal statement through wearable art.",,,,,,,,,,,,,,
Traveled Girly Tee,Traveled Girly-tee,,TDEV | TENUE DE VILLE,100% Cotton,0.2,30,,,,,T-Shirts,XS|S|M|L|XL|2XL|3XL ,Black|White|Cocao,casual|leisure,,,"TRAVELED GIRLY| TENUE DE VILLE Custom, comfort, refined style. The signature TDEV delivers a distinctive look that works seamlessly from casual outings to layered ensembles. Perfect for building a versatile wardrobe foundation or making a personal statement through wearable art.",,,,,,,,,,,,,,
Traveled Girly Tee,Traveled Girly-tee,,TDEV | TENUE DE VILLE,100% Cotton,0.2,30,,,,,T-Shirts,XS|S|M|L|XL|2XL|3XL ,Black|White|Cocao,casual|leisure,,,"TRAVELED GIRLY| TENUE DE VILLE Custom, comfort, refined style. The signature TDEV delivers a distinctive look that works seamlessly from casual outings to layered ensembles. Perfect for building a versatile wardrobe foundation or making a personal statement through wearable art.",,,,,,,,,,,,,,
Traveled Girly Tee,Traveled Girly-tee,,TDEV | TENUE DE VILLE,100% Cotton,0.2,30,,,,,T-Shirts,XS|S|M|L|XL|2XL|3XL ,Black|White|Cocao,casual|leisure,,,"TRAVELED GIRLY| TENUE DE VILLE Custom, comfort, refined style. The signature TDEV delivers a distinctive look that works seamlessly from casual outings to layered ensembles. Perfect for building a versatile wardrobe foundation or making a personal statement through wearable art.",,,,,,,,,,,,,,
Traveled Girly Tee,Traveled Girly-tee,,TDEV | TENUE DE VILLE,100% Cotton,0.2,30,,,,,T-Shirts,XS|S|M|L|XL|2XL|3XL ,Black|White|Cocao,casual|leisure,,,"TRAVELED GIRLY| TENUE DE VILLE Custom, comfort, refined style. The signature TDEV delivers a distinctive look that works seamlessly from casual outings to layered ensembles. Perfect for building a versatile wardrobe foundation or making a personal statement through wearable art.",,,,,,,,,,,,,,
Traveled Girly Tee,Traveled Girly-tee,,TDEV | TENUE DE VILLE,100% Cotton,0.2,30,,,,,T-Shirts,XS|S|M|L|XL|2XL|3XL ,Black|White|Cocao,casual|leisure,,,"TRAVELED GIRLY| TENUE DE VILLE Custom, comfort, refined style. The signature TDEV delivers a distinctive look that works seamlessly from casual outings to layered ensembles. Perfect for building a versatile wardrobe foundation or making a personal statement through wearable art.",,,,,,,,,,,,,,
Traveled Girly Tee,Traveled Girly-tee,,TDEV | TENUE DE VILLE,100% Cotton,0.2,30,,,,,T-Shirts,XS|S|M|L|XL|2XL|3XL ,Black|White|Cocao,casual|leisure,,,"TRAVELED GIRLY| TENUE DE VILLE Custom, comfort, refined style. The signature TDEV delivers a distinctive look that works seamlessly from casual outings to layered ensembles. Perfect for building a versatile wardrobe foundation or making a personal statement through wearable art.",,,,,,,,,,,,,,
Traveled Girly Tee,Traveled Girly-tee,,TDEV | TENUE DE VILLE,100% Cotton,0.2,30,,,,,T-Shirts,XS|S|M|L|XL|2XL|3XL ,Black|White|Cocao,casual|leisure,,,"TRAVELED GIRLY| TENUE DE VILLE Custom, comfort, refined style. The signature TDEV delivers a distinctive look that works seamlessly from casual outings to layered ensembles. Perfect for building a versatile wardrobe foundation or making a personal statement through wearable art.",,,,,,,,,,,,,,
Traveled Girly Tee,Traveled Girly-tee,,TDEV | TENUE DE VILLE,100% Cotton,0.2,30,,,,,T-Shirts,XS|S|M|L|XL|2XL|3XL ,Black|White|Cocao,casual|leisure,,,"TRAVELED GIRLY| TENUE DE VILLE Custom, comfort, refined style. The signature TDEV delivers a distinctive look that works seamlessly from casual outings to layered ensembles. Perfect for building a versatile wardrobe foundation or making a personal statement through wearable art.",,,,,,,,,,,,,,
Traveled Girly Tee,Traveled Girly-tee,,TDEV | TENUE DE VILLE,100% Cotton,0.2,30,,,,,T-Shirts,XS|S|M|L|XL|2XL|3XL ,Black|White|Cocao,casual|leisure,,,"TRAVELED GIRLY| TENUE DE VILLE Custom, comfort, refined style. The signature TDEV delivers a distinctive look that works seamlessly from casual outings to layered ensembles. Perfect for building a versatile wardrobe foundation or making a personal statement through wearable art.",,,,,,,,,,,,,,
Traveled Girly Tee,Traveled Girly-tee,,TDEV | TENUE DE VILLE,100% Cotton,0.2,30,,,,,T-Shirts,XS|S|M|L|XL|2XL|3XL ,Black|White|Cocao,casual|leisure,,,"TRAVELED GIRLY| TENUE DE VILLE Custom, comfort, refined style. The signature TDEV delivers a distinctive look that works seamlessly from casual outings to layered ensembles. Perfect for building a versatile wardrobe foundation or making a personal statement through wearable art.",,,,,,,,,,,,,,
US Girly Tee,US Girly-tee,,TDEV | TENUE DE VILLE,100% Cotton,0.2,30,,,,,T-Shirts,XS|S|M|L|XL|2XL|3XL ,Black|White|Cocao,casual|leisure,,,"US GIRLY| TENUE DE VILLE Custom, comfort, refined style. The signature TDEV delivers a distinctive look that works seamlessly from casual outings to layered ensembles. Perfect for building a versatile wardrobe foundation or making a personal statement through wearable art.",,,,,,,,,,,,,,
US Girly Tee,US Girly-tee,,TDEV | TENUE DE VILLE,100% Cotton,0.2,30,,,,,T-Shirts,XS|S|M|L|XL|2XL|3XL ,Black|White|Cocao,casual|leisure,,,"US GIRLY| TENUE DE VILLE Custom, comfort, refined style. The signature TDEV delivers a distinctive look that works seamlessly from casual outings to layered ensembles. Perfect for building a versatile wardrobe foundation or making a personal statement through wearable art.",,,,,,,,,,,,,,
US Girly Tee,US Girly-tee,,TDEV | TENUE DE VILLE,100% Cotton,0.2,30,,,,,T-Shirts,XS|S|M|L|XL|2XL|3XL ,Black|White|Cocao,casual|leisure,,,"US GIRLY| TENUE DE VILLE Custom, comfort, refined style. The signature TDEV delivers a distinctive look that works seamlessly from casual outings to layered ensembles. Perfect for building a versatile wardrobe foundation or making a personal statement through wearable art.",,,,,,,,,,,,,,
US Girly Tee,US Girly-tee,,TDEV | TENUE DE VILLE,100% Cotton,0.2,30,,,,,T-Shirts,XS|S|M|L|XL|2XL|3XL ,Black|White|Cocao,casual|leisure,,,"US GIRLY| TENUE DE VILLE Custom, comfort, refined style. The signature TDEV delivers a distinctive look that works seamlessly from casual outings to layered ensembles. Perfect for building a versatile wardrobe foundation or making a personal statement through wearable art.",,,,,,,,,,,,,,
US Girly Tee,US Girly-tee,,TDEV | TENUE DE VILLE,100% Cotton,0.2,30,,,,,T-Shirts,XS|S|M|L|XL|2XL|3XL ,Black|White|Cocao,casual|leisure,,,"US GIRLY| TENUE DE VILLE Custom, comfort, refined style. The signature TDEV delivers a distinctive look that works seamlessly from casual outings to layered ensembles. Perfect for building a versatile wardrobe foundation or making a personal statement through wearable art.",,,,,,,,,,,,,,
US Girly Tee,US Girly-tee,,TDEV | TENUE DE VILLE,100% Cotton,0.2,30,,,,,T-Shirts,XS|S|M|L|XL|2XL|3XL ,Black|White|Cocao,casual|leisure,,,"US GIRLY| TENUE DE VILLE Custom, comfort, refined style. The signature TDEV delivers a distinctive look that works seamlessly from casual outings to layered ensembles. Perfect for building a versatile wardrobe foundation or making a personal statement through wearable art.",,,,,,,,,,,,,,
US Girly Tee,US Girly-tee,,TDEV | TENUE DE VILLE,100% Cotton,0.2,30,,,,,T-Shirts,XS|S|M|L|XL|2XL|3XL ,Black|White|Cocao,casual|leisure,,,"US GIRLY| TENUE DE VILLE Custom, comfort, refined style. The signature TDEV delivers a distinctive look that works seamlessly from casual outings to layered ensembles. Perfect for building a versatile wardrobe foundation or making a personal statement through wearable art.",,,,,,,,,,,,,,
US Girly Tee,US Girly-tee,,TDEV | TENUE DE VILLE,100% Cotton,0.2,30,,,,,T-Shirts,XS|S|M|L|XL|2XL|3XL ,Black|White|Cocao,casual|leisure,,,"US GIRLY| TENUE DE VILLE Custom, comfort, refined style. The signature TDEV delivers a distinctive look that works seamlessly from casual outings to layered ensembles. Perfect for building a versatile wardrobe foundation or making a personal statement through wearable art.",,,,,,,,,,,,,,
US Girly Tee,US Girly-tee,,TDEV | TENUE DE VILLE,100% Cotton,0.2,30,,,,,T-Shirts,XS|S|M|L|XL|2XL|3XL ,Black|White|Cocao,casual|leisure,,,"US GIRLY| TENUE DE VILLE Custom, comfort, refined style. The signature TDEV delivers a distinctive look that works seamlessly from casual outings to layered ensembles. Perfect for building a versatile wardrobe foundation or making a personal statement through wearable art.",,,,,,,,,,,,,,
US Girly Tee,US Girly-tee,,TDEV | TENUE DE VILLE,100% Cotton,0.2,30,,,,,T-Shirts,XS|S|M|L|XL|2XL|3XL ,Black|White|Cocao,casual|leisure,,,"US GIRLY| TENUE DE VILLE Custom, comfort, refined style. The signature TDEV delivers a distinctive look that works seamlessly from casual outings to layered ensembles. Perfect for building a versatile wardrobe foundation or making a personal statement through wearable art.",,,,,,,,,,,,,,
US Girly Tee,US Girly-tee,,TDEV | TENUE DE VILLE,100% Cotton,0.2,30,,,,,T-Shirts,XS|S|M|L|XL|2XL|3XL ,Black|White|Cocao,casual|leisure,,,"US GIRLY| TENUE DE VILLE Custom, comfort, refined style. The signature TDEV delivers a distinctive look that works seamlessly from casual outings to layered ensembles. Perfect for building a versatile wardrobe foundation or making a personal statement through wearable art.",,,,,,,,,,,,,,
US Girly Tee,US Girly-tee,,TDEV | TENUE DE VILLE,100% Cotton,0.2,30,,,,,T-Shirts,XS|S|M|L|XL|2XL|3XL ,Black|White|Cocao,casual|leisure,,,"US GIRLY| TENUE DE VILLE Custom, comfort, refined style. The signature TDEV delivers a distinctive look that works seamlessly from casual outings to layered ensembles. Perfect for building a versatile wardrobe foundation or making a personal statement through wearable art.",,,,,,,,,,,,,,
US Girly Tee,US Girly-tee,,TDEV | TENUE DE VILLE,100% Cotton,0.2,30,,,,,T-Shirts,XS|S|M|L|XL|2XL|3XL ,Black|White|Cocao,casual|leisure,,,"US GIRLY| TENUE DE VILLE Custom, comfort, refined style. The signature TDEV delivers a distinctive look that works seamlessly from casual outings to layered ensembles. Perfect for building a versatile wardrobe foundation or making a personal statement through wearable art.",,,,,,,,,,,,,,
US Girly Tee,US Girly-tee,,TDEV | TENUE DE VILLE,100% Cotton,0.2,30,,,,,T-Shirts,XS|S|M|L|XL|2XL|3XL ,Black|White|Cocao,casual|leisure,,,"US GIRLY| TENUE DE VILLE Custom, comfort, refined style. The signature TDEV delivers a distinctive look that works seamlessly from casual outings to layered ensembles. Perfect for building a versatile wardrobe foundation or making a personal statement through wearable art.",,,,,,,,,,,,,,
US Girly Tee,US Girly-tee,,TDEV | TENUE DE VILLE,100% Cotton,0.2,30,,,,,T-Shirts,XS|S|M|L|XL|2XL|3XL ,Black|White|Cocao,casual|leisure,,,"US GIRLY| TENUE DE VILLE Custom, comfort, refined style. The signature TDEV delivers a distinctive look that works seamlessly from casual outings to layered ensembles. Perfect for building a versatile wardrobe foundation or making a personal statement through wearable art.",,,,,,,,,,,,,,
US Girly Tee,US Girly-tee,,TDEV | TENUE DE VILLE,100% Cotton,0.2,30,,,,,T-Shirts,XS|S|M|L|XL|2XL|3XL ,Black|White|Cocao,casual|leisure,,,"US GIRLY| TENUE DE VILLE Custom, comfort, refined style. The signature TDEV delivers a distinctive look that works seamlessly from casual outings to layered ensembles. Perfect for building a versatile wardrobe foundation or making a personal statement through wearable art.",,,,,,,,,,,,,,
US Girly Tee,US Girly-tee,,TDEV | TENUE DE VILLE,100% Cotton,0.2,30,,,,,T-Shirts,XS|S|M|L|XL|2XL|3XL ,Black|White|Cocao,casual|leisure,,,"US GIRLY| TENUE DE VILLE Custom, comfort, refined style. The signature TDEV delivers a distinctive look that works seamlessly from casual outings to layered ensembles. Perfect for building a versatile wardrobe foundation or making a personal statement through wearable art.",,,,,,,,,,,,,,
US Girly Tee,US Girly-tee,,TDEV | TENUE DE VILLE,100% Cotton,0.2,30,,,,,T-Shirts,XS|S|M|L|XL|2XL|3XL ,Black|White|Cocao,casual|leisure,,,"US GIRLY| TENUE DE VILLE Custom, comfort, refined style. The signature TDEV delivers a distinctive look that works seamlessly from casual outings to layered ensembles. Perfect for building a versatile wardrobe foundation or making a personal statement through wearable art.",,,,,,,,,,,,,,
US Girly Tee,US Girly-tee,,TDEV | TENUE DE VILLE,100% Cotton,0.2,30,,,,,T-Shirts,XS|S|M|L|XL|2XL|3XL ,Black|White|Cocao,casual|leisure,,,"US GIRLY| TENUE DE VILLE Custom, comfort, refined style. The signature TDEV delivers a distinctive look that works seamlessly from casual outings to layered ensembles. Perfect for building a versatile wardrobe foundation or making a personal statement through wearable art.",,,,,,,,,,,,,,
US Girly Tee,US Girly-tee,,TDEV | TENUE DE VILLE,100% Cotton,0.2,30,,,,,T-Shirts,XS|S|M|L|XL|2XL|3XL ,Black|White|Cocao,casual|leisure,,,"US GIRLY| TENUE DE VILLE Custom, comfort, refined style. The signature TDEV delivers a distinctive look that works seamlessly from casual outings to layered ensembles. Perfect for building a versatile wardrobe foundation or making a personal statement through wearable art.",,,,,,,,,,,,,,
US Girly Tee,US Girly-tee,,TDEV | TENUE DE VILLE,100% Cotton,0.2,30,,,,,T-Shirts,XS|S|M|L|XL|2XL|3XL ,Black|White|Cocao,casual|leisure,,,"US GIRLY| TENUE DE VILLE Custom, comfort, refined style. The signature TDEV delivers a distinctive look that works seamlessly from casual outings to layered ensembles. Perfect for building a versatile wardrobe foundation or making a personal statement through wearable art.",,,,,,,,,,,,,,
US Girly Tee,US Girly-tee,,TDEV | TENUE DE VILLE,100% Cotton,0.2,30,,,,,T-Shirts,XS|S|M|L|XL|2XL|3XL ,Black|White|Cocao,casual|leisure,,,"US GIRLY| TENUE DE VILLE Custom, comfort, refined style. The signature TDEV delivers a distinctive look that works seamlessly from casual outings to layered ensembles. Perfect for building a versatile wardrobe foundation or making a personal statement through wearable art.",,,,,,,,,,,,,,
US Girly Tee,US Girly-tee,,TDEV | TENUE DE VILLE,100% Cotton,0.2,30,,,,,T-Shirts,XS|S|M|L|XL|2XL|3XL ,Black|White|Cocao,casual|leisure,,,"US GIRLY| TENUE DE VILLE Custom, comfort, refined style. The signature TDEV delivers a distinctive look that works seamlessly from casual outings to layered ensembles. Perfect for building a versatile wardrobe foundation or making a personal statement through wearable art.",,,,,,,,,,,,,,
US Girly Tee,US Girly-tee,,TDEV | TENUE DE VILLE,100% Cotton,0.2,30,,,,,T-Shirts,XS|S|M|L|XL|2XL|3XL ,Black|White|Cocao,casual|leisure,,,"US GIRLY| TENUE DE VILLE Custom, comfort, refined style. The signature TDEV delivers a distinctive look that works seamlessly from casual outings to layered ensembles. Perfect for building a versatile wardrobe foundation or making a personal statement through wearable art.",,,,,,,,,,,,,,
US Girly Tee,US Girly-tee,,TDEV | TENUE DE VILLE,100% Cotton,0.2,30,,,,,T-Shirts,XS|S|M|L|XL|2XL|3XL ,Black|White|Cocao,casual|leisure,,,"US GIRLY| TENUE DE VILLE Custom, comfort, refined style. The signature TDEV delivers a distinctive look that works seamlessly from casual outings to layered ensembles. Perfect for building a versatile wardrobe foundation or making a personal statement through wearable art.",,,,,,,,,,,,,,
US Girly Tee,US Girly-tee,,TDEV | TENUE DE VILLE,100% Cotton,0.2,30,,,,,T-Shirts,XS|S|M|L|XL|2XL|3XL ,Black|White|Cocao,casual|leisure,,,"US GIRLY| TENUE DE VILLE Custom, comfort, refined style. The signature TDEV delivers a distinctive look that works seamlessly from casual outings to layered ensembles. Perfect for building a versatile wardrobe foundation or making a personal statement through wearable art.",,,,,,,,,,,,,,
US Girly Tee,US Girly-tee,,TDEV | TENUE DE VILLE,100% Cotton,0.2,30,,,,,T-Shirts,XS|S|M|L|XL|2XL|3XL ,Black|White|Cocao,casual|leisure,,,"US GIRLY| TENUE DE VILLE Custom, comfort, refined style. The signature TDEV delivers a distinctive look that works seamlessly from casual outings to layered ensembles. Perfect for building a versatile wardrobe foundation or making a personal statement through wearable art.",,,,,,,,,,,,,,
US Girly Tee,US Girly-tee,,TDEV | TENUE DE VILLE,100% Cotton,0.2,30,,,,,T-Shirts,XS|S|M|L|XL|2XL|3XL ,Black|White|Cocao,casual|leisure,,,"US GIRLY| TENUE DE VILLE Custom, comfort, refined style. The signature TDEV delivers a distinctive look that works seamlessly from casual outings to layered ensembles. Perfect for building a versatile wardrobe foundation or making a personal statement through wearable art.",,,,,,,,,,,,,,
US Girly Tee,US Girly-tee,,TDEV | TENUE DE VILLE,100% Cotton,0.2,30,,,,,T-Shirts,XS|S|M|L|XL|2XL|3XL ,Black|White|Cocao,casual|leisure,,,"US GIRLY| TENUE DE VILLE Custom, comfort, refined style. The signature TDEV delivers a distinctive look that works seamlessly from casual outings to layered ensembles. Perfect for building a versatile wardrobe foundation or making a personal statement through wearable art.",,,,,,,,,,,,,,
US Girly Tee,US Girly-tee,,TDEV | TENUE DE VILLE,100% Cotton,0.2,30,,,,,T-Shirts,XS|S|M|L|XL|2XL|3XL ,Black|White|Cocao,casual|leisure,,,"US GIRLY| TENUE DE VILLE Custom, comfort, refined style. The signature TDEV delivers a distinctive look that works seamlessly from casual outings to layered ensembles. Perfect for building a versatile wardrobe foundation or making a personal statement through wearable art.",,,,,,,,,,,,,,
US Girly Tee,US Girly-tee,,TDEV | TENUE DE VILLE,100% Cotton,0.2,30,,,,,T-Shirts,XS|S|M|L|XL|2XL|3XL ,Black|White|Cocao,casual|leisure,,,"US GIRLY| TENUE DE VILLE Custom, comfort, refined style. The signature TDEV delivers a distinctive look that works seamlessly from casual outings to layered ensembles. Perfect for building a versatile wardrobe foundation or making a personal statement through wearable art.",,,,,,,,,,,,,,
US Girly Tee,US Girly-tee,,TDEV | TENUE DE VILLE,100% Cotton,0.2,30,,,,,T-Shirts,XS|S|M|L|XL|2XL|3XL ,Black|White|Cocao,casual|leisure,,,"US GIRLY| TENUE DE VILLE Custom, comfort, refined style. The signature TDEV delivers a distinctive look that works seamlessly from casual outings to layered ensembles. Perfect for building a versatile wardrobe foundation or making a personal statement through wearable art.",,,,,,,,,,,,,,
US Girly Tee,US Girly-tee,,TDEV | TENUE DE VILLE,100% Cotton,0.2,30,,,,,T-Shirts,XS|S|M|L|XL|2XL|3XL ,Black|White|Cocao,casual|leisure,,,"US GIRLY| TENUE DE VILLE Custom, comfort, refined style. The signature TDEV delivers a distinctive look that works seamlessly from casual outings to layered ensembles. Perfect for building a versatile wardrobe foundation or making a personal statement through wearable art.",,,,,,,,,,,,,,
US Girly Tee,US Girly-tee,,TDEV | TENUE DE VILLE,100% Cotton,0.2,30,,,,,T-Shirts,XS|S|M|L|XL|2XL|3XL ,Black|White|Cocao,casual|leisure,,,"US GIRLY| TENUE DE VILLE Custom, comfort, refined style. The signature TDEV delivers a distinctive look that works seamlessly from casual outings to layered ensembles. Perfect for building a versatile wardrobe foundation or making a personal statement through wearable art.",,,,,,,,,,,,,,
US Girly Tee,US Girly-tee,,TDEV | TENUE DE VILLE,100% Cotton,0.2,30,,,,,T-Shirts,XS|S|M|L|XL|2XL|3XL ,Black|White|Cocao,casual|leisure,,,"US GIRLY| TENUE DE VILLE Custom, comfort, refined style. The signature TDEV delivers a distinctive look that works seamlessly from casual outings to layered ensembles. Perfect for building a versatile wardrobe foundation or making a personal statement through wearable art.",,,,,,,,,,,,,,
US Girly Tee,US Girly-tee,,TDEV | TENUE DE VILLE,100% Cotton,0.2,30,,,,,T-Shirts,XS|S|M|L|XL|2XL|3XL ,Black|White|Cocao,casual|leisure,,,"US GIRLY| TENUE DE VILLE Custom, comfort, refined style. The signature TDEV delivers a distinctive look that works seamlessly from casual outings to layered ensembles. Perfect for building a versatile wardrobe foundation or making a personal statement through wearable art.",,,,,,,,,,,,,,
US Girly Tee,US Girly-tee,,TDEV | TENUE DE VILLE,100% Cotton,0.2,30,,,,,T-Shirts,XS|S|M|L|XL|2XL|3XL ,Black|White|Cocao,casual|leisure,,,"US GIRLY| TENUE DE VILLE Custom, comfort, refined style. The signature TDEV delivers a distinctive look that works seamlessly from casual outings to layered ensembles. Perfect for building a versatile wardrobe foundation or making a personal statement through wearable art.",,,,,,,,,,,,,,
US Girly Tee,US Girly-tee,,TDEV | TENUE DE VILLE,100% Cotton,0.2,30,,,,,T-Shirts,XS|S|M|L|XL|2XL|3XL ,Black|White|Cocao,casual|leisure,,,"US GIRLY| TENUE DE VILLE Custom, comfort, refined style. The signature TDEV delivers a distinctive look that works seamlessly from casual outings to layered ensembles. Perfect for building a versatile wardrobe foundation or making a personal statement through wearable art.",,,,,,,,,,,,,,
US Girly Tee,US Girly-tee,,TDEV | TENUE DE VILLE,100% Cotton,0.2,30,,,,,T-Shirts,XS|S|M|L|XL|2XL|3XL ,Black|White|Cocao,casual|leisure,,,"US GIRLY| TENUE DE VILLE Custom, comfort, refined style. The signature TDEV delivers a distinctive look that works seamlessly from casual outings to layered ensembles. Perfect for building a versatile wardrobe foundation or making a personal statement through wearable art.",,,,,,,,,,,,,,
US Girly Tee,US Girly-tee,,TDEV | TENUE DE VILLE,100% Cotton,0.2,30,,,,,T-Shirts,XS|S|M|L|XL|2XL|3XL ,Black|White|Cocao,casual|leisure,,,"US GIRLY| TENUE DE VILLE Custom, comfort, refined style. The signature TDEV delivers a distinctive look that works seamlessly from casual outings to layered ensembles. Perfect for building a versatile wardrobe foundation or making a personal statement through wearable art.",,,,,,,,,,,,,,
US Girly Tee,US Girly-tee,,TDEV | TENUE DE VILLE,100% Cotton,0.2,30,,,,,T-Shirts,XS|S|M|L|XL|2XL|3XL ,Black|White|Cocao,casual|leisure,,,"US GIRLY| TENUE DE VILLE Custom, comfort, refined style. The signature TDEV delivers a distinctive look that works seamlessly from casual outings to layered ensembles. Perfect for building a versatile wardrobe foundation or making a personal statement through wearable art.",,,,,,,,,,,,,,
US Girly Tee,US Girly-tee,,TDEV | TENUE DE VILLE,100% Cotton,0.2,30,,,,,T-Shirts,XS|S|M|L|XL|2XL|3XL ,Black|White|Cocao,casual|leisure,,,"US GIRLY| TENUE DE VILLE Custom, comfort, refined style. The signature TDEV delivers a distinctive look that works seamlessly from casual outings to layered ensembles. Perfect for building a versatile wardrobe foundation or making a personal statement through wearable art.",,,,,,,,,,,,,,
US Girly Tee,US Girly-tee,,TDEV | TENUE DE VILLE,100% Cotton,0.2,30,,,,,T-Shirts,XS|S|M|L|XL|2XL|3XL ,Black|White|Cocao,casual|leisure,,,"US GIRLY| TENUE DE VILLE Custom, comfort, refined style. The signature TDEV delivers a distinctive look that works seamlessly from casual outings to layered ensembles. Perfect for building a versatile wardrobe foundation or making a personal statement through wearable art.",,,,,,,,,,,,,,
US Girly Tee,US Girly-tee,,TDEV | TENUE DE VILLE,100% Cotton,0.2,30,,,,,T-Shirts,XS|S|M|L|XL|2XL|3XL ,Black|White|Cocao,casual|leisure,,,"US GIRLY| TENUE DE VILLE Custom, comfort, refined style. The signature TDEV delivers a distinctive look that works seamlessly from casual outings to layered ensembles. Perfect for building a versatile wardrobe foundation or making a personal statement through wearable art.",,,,,,,,,,,,,,
US Girly Tee,US Girly-tee,,TDEV | TENUE DE VILLE,100% Cotton,0.2,30,,,,,T-Shirts,XS|S|M|L|XL|2XL|3XL ,Black|White|Cocao,casual|leisure,,,"US GIRLY| TENUE DE VILLE Custom, comfort, refined style. The signature TDEV delivers a distinctive look that works seamlessly from casual outings to layered ensembles. Perfect for building a versatile wardrobe foundation or making a personal statement through wearable art.",,,,,,,,,,,,,,
US Girly Tee,US Girly-tee,,TDEV | TENUE DE VILLE,100% Cotton,0.2,30,,,,,T-Shirts,XS|S|M|L|XL|2XL|3XL ,Black|White|Cocao,casual|leisure,,,"US GIRLY| TENUE DE VILLE Custom, comfort, refined style. The signature TDEV delivers a distinctive look that works seamlessly from casual outings to layered ensembles. Perfect for building a versatile wardrobe foundation or making a personal statement through wearable art.",,,,,,,,,,,,,,
US Girly Tee,US Girly-tee,,TDEV | TENUE DE VILLE,100% Cotton,0.2,30,,,,,T-Shirts,XS|S|M|L|XL|2XL|3XL ,Black|White|Cocao,casual|leisure,,,"US GIRLY| TENUE DE VILLE Custom, comfort, refined style. The signature TDEV delivers a distinctive look that works seamlessly from casual outings to layered ensembles. Perfect for building a versatile wardrobe foundation or making a personal statement through wearable art.",,,,,,,,,,,,,,
US Girly Tee,US Girly-tee,,TDEV | TENUE DE VILLE,100% Cotton,0.2,30,,,,,T-Shirts,XS|S|M|L|XL|2XL|3XL ,Black|White|Cocao,casual|leisure,,,"US GIRLY| TENUE DE VILLE Custom, comfort, refined style. The signature TDEV delivers a distinctive look that works seamlessly from casual outings to layered ensembles. Perfect for building a versatile wardrobe foundation or making a personal statement through wearable art.",,,,,,,,,,,,,,
US Girly Tee,US Girly-tee,,TDEV | TENUE DE VILLE,100% Cotton,0.2,30,,,,,T-Shirts,XS|S|M|L|XL|2XL|3XL ,Black|White|Cocao,casual|leisure,,,"US GIRLY| TENUE DE VILLE Custom, comfort, refined style. The signature TDEV delivers a distinctive look that works seamlessly from casual outings to layered ensembles. Perfect for building a versatile wardrobe foundation or making a personal statement through wearable art.",,,,,,,,,,,,,,
US Girly Tee,US Girly-tee,,TDEV | TENUE DE VILLE,100% Cotton,0.2,30,,,,,T-Shirts,XS|S|M|L|XL|2XL|3XL ,Black|White|Cocao,casual|leisure,,,"US GIRLY| TENUE DE VILLE Custom, comfort, refined style. The signature TDEV delivers a distinctive look that works seamlessly from casual outings to layered ensembles. Perfect for building a versatile wardrobe foundation or making a personal statement through wearable art.",,,,,,,,,,,,,,
US Girly Tee,US Girly-tee,,TDEV | TENUE DE VILLE,100% Cotton,0.2,30,,,,,T-Shirts,XS|S|M|L|XL|2XL|3XL ,Black|White|Cocao,casual|leisure,,,"US GIRLY| TENUE DE VILLE Custom, comfort, refined style. The signature TDEV delivers a distinctive look that works seamlessly from casual outings to layered ensembles. Perfect for building a versatile wardrobe foundation or making a personal statement through wearable art.",,,,,,,,,,,,,,
US Girly Tee,US Girly-tee,,TDEV | TENUE DE VILLE,100% Cotton,0.2,30,,,,,T-Shirts,XS|S|M|L|XL|2XL|3XL ,Black|White|Cocao,casual|leisure,,,"US GIRLY| TENUE DE VILLE Custom, comfort, refined style. The signature TDEV delivers a distinctive look that works seamlessly from casual outings to layered ensembles. Perfect for building a versatile wardrobe foundation or making a personal statement through wearable art.",,,,,,,,,,,,,,
Wedding Girly Tee,Wedding Girly-tee,,TDEV | TENUE DE VILLE,100% Cotton,0.2,30,,,,,T-Shirts,XS|S|M|L|XL|2XL|3XL ,Black|White|Cocao,casual|leisure,,,"WEDDING GIRLY| TENUE DE VILLE Custom, comfort, refined style. The signature TDEV delivers a distinctive look that works seamlessly from casual outings to layered ensembles. Perfect for building a versatile wardrobe foundation or making a personal statement through wearable art.",,,,,,,,,,,,,,
Wedding Girly Tee,Wedding Girly-tee,,TDEV | TENUE DE VILLE,100% Cotton,0.2,30,,,,,T-Shirts,XS|S|M|L|XL|2XL|3XL ,Black|White|Cocao,casual|leisure,,,"WEDDING GIRLY| TENUE DE VILLE Custom, comfort, refined style. The signature TDEV delivers a distinctive look that works seamlessly from casual outings to layered ensembles. Perfect for building a versatile wardrobe foundation or making a personal statement through wearable art.",,,,,,,,,,,,,,
Wedding Girly Tee,Wedding Girly-tee,,TDEV | TENUE DE VILLE,100% Cotton,0.2,30,,,,,T-Shirts,XS|S|M|L|XL|2XL|3XL ,Black|White|Cocao,casual|leisure,,,"WEDDING GIRLY| TENUE DE VILLE Custom, comfort, refined style. The signature TDEV delivers a distinctive look that works seamlessly from casual outings to layered ensembles. Perfect for building a versatile wardrobe foundation or making a personal statement through wearable art.",,,,,,,,,,,,,,
Wedding Girly Tee,Wedding Girly-tee,,TDEV | TENUE DE VILLE,100% Cotton,0.2,30,,,,,T-Shirts,XS|S|M|L|XL|2XL|3XL ,Black|White|Cocao,casual|leisure,,,"WEDDING GIRLY| TENUE DE VILLE Custom, comfort, refined style. The signature TDEV delivers a distinctive look that works seamlessly from casual outings to layered ensembles. Perfect for building a versatile wardrobe foundation or making a personal statement through wearable art.",,,,,,,,,,,,,,
Wedding Girly Tee,Wedding Girly-tee,,TDEV | TENUE DE VILLE,100% Cotton,0.2,30,,,,,T-Shirts,XS|S|M|L|XL|2XL|3XL ,Black|White|Cocao,casual|leisure,,,"WEDDING GIRLY| TENUE DE VILLE Custom, comfort, refined style. The signature TDEV delivers a distinctive look that works seamlessly from casual outings to layered ensembles. Perfect for building a versatile wardrobe foundation or making a personal statement through wearable art.",,,,,,,,,,,,,,
Wedding Girly Tee,Wedding Girly-tee,,TDEV | TENUE DE VILLE,100% Cotton,0.2,30,,,,,T-Shirts,XS|S|M|L|XL|2XL|3XL ,Black|White|Cocao,casual|leisure,,,"WEDDING GIRLY| TENUE DE VILLE Custom, comfort, refined style. The signature TDEV delivers a distinctive look that works seamlessly from casual outings to layered ensembles. Perfect for building a versatile wardrobe foundation or making a personal statement through wearable art.",,,,,,,,,,,,,,
Wedding Girly Tee,Wedding Girly-tee,,TDEV | TENUE DE VILLE,100% Cotton,0.2,30,,,,,T-Shirts,XS|S|M|L|XL|2XL|3XL ,Black|White|Cocao,casual|leisure,,,"WEDDING GIRLY| TENUE DE VILLE Custom, comfort, refined style. The signature TDEV delivers a distinctive look that works seamlessly from casual outings to layered ensembles. Perfect for building a versatile wardrobe foundation or making a personal statement through wearable art.",,,,,,,,,,,,,,
Wedding Girly Tee,Wedding Girly-tee,,TDEV | TENUE DE VILLE,100% Cotton,0.2,30,,,,,T-Shirts,XS|S|M|L|XL|2XL|3XL ,Black|White|Cocao,casual|leisure,,,"WEDDING GIRLY| TENUE DE VILLE Custom, comfort, refined style. The signature TDEV delivers a distinctive look that works seamlessly from casual outings to layered ensembles. Perfect for building a versatile wardrobe foundation or making a personal statement through wearable art.",,,,,,,,,,,,,,
Wedding Girly Tee,Wedding Girly-tee,,TDEV | TENUE DE VILLE,100% Cotton,0.2,30,,,,,T-Shirts,XS|S|M|L|XL|2XL|3XL ,Black|White|Cocao,casual|leisure,,,"WEDDING GIRLY| TENUE DE VILLE Custom, comfort, refined style. The signature TDEV delivers a distinctive look that works seamlessly from casual outings to layered ensembles. Perfect for building a versatile wardrobe foundation or making a personal statement through wearable art.",,,,,,,,,,,,,,
Wedding Girly Tee,Wedding Girly-tee,,TDEV | TENUE DE VILLE,100% Cotton,0.2,30,,,,,T-Shirts,XS|S|M|L|XL|2XL|3XL ,Black|White|Cocao,casual|leisure,,,"WEDDING GIRLY| TENUE DE VILLE Custom, comfort, refined style. The signature TDEV delivers a distinctive look that works seamlessly from casual outings to layered ensembles. Perfect for building a versatile wardrobe foundation or making a personal statement through wearable art.",,,,,,,,,,,,,,
Wedding Girly Tee,Wedding Girly-tee,,TDEV | TENUE DE VILLE,100% Cotton,0.2,30,,,,,T-Shirts,XS|S|M|L|XL|2XL|3XL ,Black|White|Cocao,casual|leisure,,,"WEDDING GIRLY| TENUE DE VILLE Custom, comfort, refined style. The signature TDEV delivers a distinctive look that works seamlessly from casual outings to layered ensembles. Perfect for building a versatile wardrobe foundation or making a personal statement through wearable art.",,,,,,,,,,,,,,
Wedding Girly Tee,Wedding Girly-tee,,TDEV | TENUE DE VILLE,100% Cotton,0.2,30,,,,,T-Shirts,XS|S|M|L|XL|2XL|3XL ,Black|White|Cocao,casual|leisure,,,"WEDDING GIRLY| TENUE DE VILLE Custom, comfort, refined style. The signature TDEV delivers a distinctive look that works seamlessly from casual outings to layered ensembles. Perfect for building a versatile wardrobe foundation or making a personal statement through wearable art.",,,,,,,,,,,,,,
Wedding Girly Tee,Wedding Girly-tee,,TDEV | TENUE DE VILLE,100% Cotton,0.2,30,,,,,T-Shirts,XS|S|M|L|XL|2XL|3XL ,Black|White|Cocao,casual|leisure,,,"WEDDING GIRLY| TENUE DE VILLE Custom, comfort, refined style. The signature TDEV delivers a distinctive look that works seamlessly from casual outings to layered ensembles. Perfect for building a versatile wardrobe foundation or making a personal statement through wearable art.",,,,,,,,,,,,,,
Wedding Girly Tee,Wedding Girly-tee,,TDEV | TENUE DE VILLE,100% Cotton,0.2,30,,,,,T-Shirts,XS|S|M|L|XL|2XL|3XL ,Black|White|Cocao,casual|leisure,,,"WEDDING GIRLY| TENUE DE VILLE Custom, comfort, refined style. The signature TDEV delivers a distinctive look that works seamlessly from casual outings to layered ensembles. Perfect for building a versatile wardrobe foundation or making a personal statement through wearable art.",,,,,,,,,,,,,,
Wedding Girly Tee,Wedding Girly-tee,,TDEV | TENUE DE VILLE,100% Cotton,0.2,30,,,,,T-Shirts,XS|S|M|L|XL|2XL|3XL ,Black|White|Cocao,casual|leisure,,,"WEDDING GIRLY| TENUE DE VILLE Custom, comfort, refined style. The signature TDEV delivers a distinctive look that works seamlessly from casual outings to layered ensembles. Perfect for building a versatile wardrobe foundation or making a personal statement through wearable art.",,,,,,,,,,,,,,
Wedding Boi Tee,Wedding Boi-tee,,TDEV | TENUE DE VILLE,100% Cotton,0.2,30,,,,,T-Shirts,XS|S|M|L|XL|2XL|3XL ,Black|White|Cocao,casual|leisure,,,"WEDDING BOI| TENUE DE VILLE Custom, comfort, refined style. The signature TDEV delivers a distinctive look that works seamlessly from casual outings to layered ensembles. Perfect for building a versatile wardrobe foundation or making a personal statement through wearable art.",,,,,,,,,,,,,,
Wedding Boi Tee,Wedding Boi-tee,,TDEV | TENUE DE VILLE,100% Cotton,0.2,30,,,,,T-Shirts,XS|S|M|L|XL|2XL|3XL ,Black|White|Cocao,casual|leisure,,,"WEDDING BOI| TENUE DE VILLE Custom, comfort, refined style. The signature TDEV delivers a distinctive look that works seamlessly from casual outings to layered ensembles. Perfect for building a versatile wardrobe foundation or making a personal statement through wearable art.",,,,,,,,,,,,,,
Wedding Boi Tee,Wedding Boi-tee,,TDEV | TENUE DE VILLE,100% Cotton,0.2,30,,,,,T-Shirts,XS|S|M|L|XL|2XL|3XL ,Black|White|Cocao,casual|leisure,,,"WEDDING BOI| TENUE DE VILLE Custom, comfort, refined style. The signature TDEV delivers a distinctive look that works seamlessly from casual outings to layered ensembles. Perfect for building a versatile wardrobe foundation or making a personal statement through wearable art.",,,,,,,,,,,,,,
Wedding Boi Tee,Wedding Boi-tee,,TDEV | TENUE DE VILLE,100% Cotton,0.2,30,,,,,T-Shirts,XS|S|M|L|XL|2XL|3XL ,Black|White|Cocao,casual|leisure,,,"WEDDING BOI| TENUE DE VILLE Custom, comfort, refined style. The signature TDEV delivers a distinctive look that works seamlessly from casual outings to layered ensembles. Perfect for building a versatile wardrobe foundation or making a personal statement through wearable art.",,,,,,,,,,,,,,
Wedding Boi Tee,Wedding Boi-tee,,TDEV | TENUE DE VILLE,100% Cotton,0.2,30,,,,,T-Shirts,XS|S|M|L|XL|2XL|3XL ,Black|White|Cocao,casual|leisure,,,"WEDDING BOI| TENUE DE VILLE Custom, comfort, refined style. The signature TDEV delivers a distinctive look that works seamlessly from casual outings to layered ensembles. Perfect for building a versatile wardrobe foundation or making a personal statement through wearable art.",,,,,,,,,,,,,,
Wedding Boi Tee,Wedding Boi-tee,,TDEV | TENUE DE VILLE,100% Cotton,0.2,30,,,,,T-Shirts,XS|S|M|L|XL|2XL|3XL ,Black|White|Cocao,casual|leisure,,,"WEDDING BOI| TENUE DE VILLE Custom, comfort, refined style. The signature TDEV delivers a distinctive look that works seamlessly from casual outings to layered ensembles. Perfect for building a versatile wardrobe foundation or making a personal statement through wearable art.",,,,,,,,,,,,,,
Wedding Boi Tee,Wedding Boi-tee,,TDEV | TENUE DE VILLE,100% Cotton,0.2,30,,,,,T-Shirts,XS|S|M|L|XL|2XL|3XL ,Black|White|Cocao,casual|leisure,,,"WEDDING BOI| TENUE DE VILLE Custom, comfort, refined style. The signature TDEV delivers a distinctive look that works seamlessly from casual outings to layered ensembles. Perfect for building a versatile wardrobe foundation or making a personal statement through wearable art.",,,,,,,,,,,,,,
Wedding Boi Tee,Wedding Boi-tee,,TDEV | TENUE DE VILLE,100% Cotton,0.2,30,,,,,T-Shirts,XS|S|M|L|XL|2XL|3XL ,Black|White|Cocao,casual|leisure,,,"WEDDING BOI| TENUE DE VILLE Custom, comfort, refined style. The signature TDEV delivers a distinctive look that works seamlessly from casual outings to layered ensembles. Perfect for building a versatile wardrobe foundation or making a personal statement through wearable art.",,,,,,,,,,,,,,
Wedding Boi Tee,Wedding Boi-tee,,TDEV | TENUE DE VILLE,100% Cotton,0.2,30,,,,,T-Shirts,XS|S|M|L|XL|2XL|3XL ,Black|White|Cocao,casual|leisure,,,"WEDDING BOI| TENUE DE VILLE Custom, comfort, refined style. The signature TDEV delivers a distinctive look that works seamlessly from casual outings to layered ensembles. Perfect for building a versatile wardrobe foundation or making a personal statement through wearable art.",,,,,,,,,,,,,,
Wedding Boi Tee,Wedding Boi-tee,,TDEV | TENUE DE VILLE,100% Cotton,0.2,30,,,,,T-Shirts,XS|S|M|L|XL|2XL|3XL ,Black|White|Cocao,casual|leisure,,,"WEDDING BOI| TENUE DE VILLE Custom, comfort, refined style. The signature TDEV delivers a distinctive look that works seamlessly from casual outings to layered ensembles. Perfect for building a versatile wardrobe foundation or making a personal statement through wearable art.",,,,,,,,,,,,,,
Wedding Boi Tee,Wedding Boi-tee,,TDEV | TENUE DE VILLE,100% Cotton,0.2,30,,,,,T-Shirts,XS|S|M|L|XL|2XL|3XL ,Black|White|Cocao,casual|leisure,,,"WEDDING BOI| TENUE DE VILLE Custom, comfort, refined style. The signature TDEV delivers a distinctive look that works seamlessly from casual outings to layered ensembles. Perfect for building a versatile wardrobe foundation or making a personal statement through wearable art.",,,,,,,,,,,,,,
Wedding Boi Tee,Wedding Boi-tee,,TDEV | TENUE DE VILLE,100% Cotton,0.2,30,,,,,T-Shirts,XS|S|M|L|XL|2XL|3XL ,Black|White|Cocao,casual|leisure,,,"WEDDING BOI| TENUE DE VILLE Custom, comfort, refined style. The signature TDEV delivers a distinctive look that works seamlessly from casual outings to layered ensembles. Perfect for building a versatile wardrobe foundation or making a personal statement through wearable art.",,,,,,,,,,,,,,
Wedding Boi Tee,Wedding Boi-tee,,TDEV | TENUE DE VILLE,100% Cotton,0.2,30,,,,,T-Shirts,XS|S|M|L|XL|2XL|3XL ,Black|White|Cocao,casual|leisure,,,"WEDDING BOI| TENUE DE VILLE Custom, comfort, refined style. The signature TDEV delivers a distinctive look that works seamlessly from casual outings to layered ensembles. Perfect for building a versatile wardrobe foundation or making a personal statement through wearable art.",,,,,,,,,,,,,,
Wedding Boi Tee,Wedding Boi-tee,,TDEV | TENUE DE VILLE,100% Cotton,0.2,30,,,,,T-Shirts,XS|S|M|L|XL|2XL|3XL ,Black|White|Cocao,casual|leisure,,,"WEDDING BOI| TENUE DE VILLE Custom, comfort, refined style. The signature TDEV delivers a distinctive look that works seamlessly from casual outings to layered ensembles. Perfect for building a versatile wardrobe foundation or making a personal statement through wearable art.",,,,,,,,,,,,,,
Wedding Boi Tee,Wedding Boi-tee,,TDEV | TENUE DE VILLE,100% Cotton,0.2,30,,,,,T-Shirts,XS|S|M|L|XL|2XL|3XL ,Black|White|Cocao,casual|leisure,,,"WEDDING BOI| TENUE DE VILLE Custom, comfort, refined style. The signature TDEV delivers a distinctive look that works seamlessly from casual outings to layered ensembles. Perfect for building a versatile wardrobe foundation or making a personal statement through wearable art.",,,,,,,,,,,,,,
*,*i-tee,,TDEV | TENUE DE VILLE,100% Cotton,0.2,30,,,,,T-Shirts,XS|S|M|L|XL|2XL|3XL ,Black|White|Cocao,casual|leisure,,,"*I| TENUE DE VILLE Custom, comfort, refined style. The signature TDEV delivers a distinctive look that works seamlessly from casual outings to layered ensembles. Perfect for building a versatile wardrobe foundation or making a personal statement through wearable art.",,,,,,,,,,,,,,
